267	ID:96	Rime started with address 96.0
275	ID:96	MAC 60:00:00:00:00:00:00:00 Contiki 2.7 started. Node id is set to 96.
283	ID:1	Rime started with address 1.0
285	ID:96	nullmac adapt-medal-rdc, channel check rate 16 Hz, radio channel 26
288	ID:96	Starting 'example medal-adaptive'
291	ID:1	MAC 01:00:00:00:00:00:00:00 Contiki 2.7 started. Node id is set to 1.
296	ID:33	Rime started with address 33.0
301	ID:1	nullmac adapt-medal-rdc, channel check rate 16 Hz, radio channel 26
304	ID:1	Starting 'example medal-adaptive'
304	ID:33	MAC 21:00:00:00:00:00:00:00 Contiki 2.7 started. Node id is set to 33.
305	ID:31	Rime started with address 31.0
313	ID:31	MAC 1f:00:00:00:00:00:00:00 Contiki 2.7 started. Node id is set to 31.
313	ID:48	Rime started with address 48.0
314	ID:89	Rime started with address 89.0
315	ID:33	nullmac adapt-medal-rdc, channel check rate 16 Hz, radio channel 26
317	ID:33	Starting 'example medal-adaptive'
318	ID:6	Rime started with address 6.0
321	ID:48	MAC 30:00:00:00:00:00:00:00 Contiki 2.7 started. Node id is set to 48.
322	ID:89	MAC 59:00:00:00:00:00:00:00 Contiki 2.7 started. Node id is set to 89.
323	ID:31	nullmac adapt-medal-rdc, channel check rate 16 Hz, radio channel 26
325	ID:6	MAC 06:00:00:00:00:00:00:00 Contiki 2.7 started. Node id is set to 6.
326	ID:31	Starting 'example medal-adaptive'
331	ID:91	Rime started with address 91.0
331	ID:48	nullmac adapt-medal-rdc, channel check rate 16 Hz, radio channel 26
332	ID:89	nullmac adapt-medal-rdc, channel check rate 16 Hz, radio channel 26
334	ID:48	Starting 'example medal-adaptive'
335	ID:89	Starting 'example medal-adaptive'
336	ID:6	nullmac adapt-medal-rdc, channel check rate 16 Hz, radio channel 26
338	ID:6	Starting 'example medal-adaptive'
339	ID:91	MAC 5b:00:00:00:00:00:00:00 Contiki 2.7 started. Node id is set to 91.
341	ID:71	Rime started with address 71.0
349	ID:56	Rime started with address 56.0
349	ID:91	nullmac adapt-medal-rdc, channel check rate 16 Hz, radio channel 26
349	ID:71	MAC 47:00:00:00:00:00:00:00 Contiki 2.7 started. Node id is set to 71.
352	ID:91	Starting 'example medal-adaptive'
353	ID:47	Rime started with address 47.0
357	ID:56	MAC 38:00:00:00:00:00:00:00 Contiki 2.7 started. Node id is set to 56.
360	ID:71	nullmac adapt-medal-rdc, channel check rate 16 Hz, radio channel 26
360	ID:87	Rime started with address 87.0
361	ID:47	MAC 2f:00:00:00:00:00:00:00 Contiki 2.7 started. Node id is set to 47.
362	ID:71	Starting 'example medal-adaptive'
367	ID:56	nullmac adapt-medal-rdc, channel check rate 16 Hz, radio channel 26
368	ID:87	MAC 57:00:00:00:00:00:00:00 Contiki 2.7 started. Node id is set to 87.
370	ID:56	Starting 'example medal-adaptive'
371	ID:47	nullmac adapt-medal-rdc, channel check rate 16 Hz, radio channel 26
372	ID:2	Rime started with address 2.0
374	ID:47	Starting 'example medal-adaptive'
377	ID:105	Rime started with address 105.0
379	ID:87	nullmac adapt-medal-rdc, channel check rate 16 Hz, radio channel 26
380	ID:2	MAC 02:00:00:00:00:00:00:00 Contiki 2.7 started. Node id is set to 2.
381	ID:87	Starting 'example medal-adaptive'
385	ID:105	MAC 69:00:00:00:00:00:00:00 Contiki 2.7 started. Node id is set to 105.
391	ID:2	nullmac adapt-medal-rdc, channel check rate 16 Hz, radio channel 26
393	ID:2	Starting 'example medal-adaptive'
395	ID:7	Rime started with address 7.0
396	ID:105	nullmac adapt-medal-rdc, channel check rate 16 Hz, radio channel 26
398	ID:105	Starting 'example medal-adaptive'
403	ID:7	MAC 07:00:00:00:00:00:00:00 Contiki 2.7 started. Node id is set to 7.
414	ID:7	nullmac adapt-medal-rdc, channel check rate 16 Hz, radio channel 26
415	ID:54	Rime started with address 54.0
416	ID:7	Starting 'example medal-adaptive'
423	ID:54	MAC 36:00:00:00:00:00:00:00 Contiki 2.7 started. Node id is set to 54.
428	ID:5	Rime started with address 5.0
431	ID:12	Rime started with address 12.0
432	ID:27	Rime started with address 27.0
433	ID:54	nullmac adapt-medal-rdc, channel check rate 16 Hz, radio channel 26
436	ID:54	Starting 'example medal-adaptive'
436	ID:5	MAC 05:00:00:00:00:00:00:00 Contiki 2.7 started. Node id is set to 5.
439	ID:12	MAC 0c:00:00:00:00:00:00:00 Contiki 2.7 started. Node id is set to 12.
439	ID:22	Rime started with address 22.0
440	ID:27	MAC 1b:00:00:00:00:00:00:00 Contiki 2.7 started. Node id is set to 27.
446	ID:5	nullmac adapt-medal-rdc, channel check rate 16 Hz, radio channel 26
447	ID:22	MAC 16:00:00:00:00:00:00:00 Contiki 2.7 started. Node id is set to 22.
449	ID:5	Starting 'example medal-adaptive'
449	ID:12	nullmac adapt-medal-rdc, channel check rate 16 Hz, radio channel 26
451	ID:27	nullmac adapt-medal-rdc, channel check rate 16 Hz, radio channel 26
452	ID:12	Starting 'example medal-adaptive'
453	ID:27	Starting 'example medal-adaptive'
458	ID:22	nullmac adapt-medal-rdc, channel check rate 16 Hz, radio channel 26
460	ID:22	Starting 'example medal-adaptive'
465	ID:81	Rime started with address 81.0
467	ID:57	Rime started with address 57.0
473	ID:81	MAC 51:00:00:00:00:00:00:00 Contiki 2.7 started. Node id is set to 81.
476	ID:57	MAC 39:00:00:00:00:00:00:00 Contiki 2.7 started. Node id is set to 57.
478	ID:102	Rime started with address 102.0
479	ID:13	Rime started with address 13.0
483	ID:81	nullmac adapt-medal-rdc, channel check rate 16 Hz, radio channel 26
486	ID:102	MAC 66:00:00:00:00:00:00:00 Contiki 2.7 started. Node id is set to 102.
486	ID:57	nullmac adapt-medal-rdc, channel check rate 16 Hz, radio channel 26
486	ID:81	Starting 'example medal-adaptive'
487	ID:13	MAC 0d:00:00:00:00:00:00:00 Contiki 2.7 started. Node id is set to 13.
488	ID:57	Starting 'example medal-adaptive'
492	ID:17	Rime started with address 17.0
496	ID:102	nullmac adapt-medal-rdc, channel check rate 16 Hz, radio channel 26
498	ID:13	nullmac adapt-medal-rdc, channel check rate 16 Hz, radio channel 26
499	ID:102	Starting 'example medal-adaptive'
500	ID:13	Starting 'example medal-adaptive'
500	ID:17	MAC 11:00:00:00:00:00:00:00 Contiki 2.7 started. Node id is set to 17.
511	ID:17	nullmac adapt-medal-rdc, channel check rate 16 Hz, radio channel 26
513	ID:17	Starting 'example medal-adaptive'
547	ID:86	Rime started with address 86.0
548	ID:61	Rime started with address 61.0
553	ID:100	Rime started with address 100.0
555	ID:86	MAC 56:00:00:00:00:00:00:00 Contiki 2.7 started. Node id is set to 86.
557	ID:61	MAC 3d:00:00:00:00:00:00:00 Contiki 2.7 started. Node id is set to 61.
561	ID:100	MAC 64:00:00:00:00:00:00:00 Contiki 2.7 started. Node id is set to 100.
566	ID:86	nullmac adapt-medal-rdc, channel check rate 16 Hz, radio channel 26
567	ID:61	nullmac adapt-medal-rdc, channel check rate 16 Hz, radio channel 26
568	ID:86	Starting 'example medal-adaptive'
570	ID:61	Starting 'example medal-adaptive'
571	ID:100	nullmac adapt-medal-rdc, channel check rate 16 Hz, radio channel 26
574	ID:100	Starting 'example medal-adaptive'
575	ID:72	Rime started with address 72.0
575	ID:66	Rime started with address 66.0
583	ID:72	MAC 48:00:00:00:00:00:00:00 Contiki 2.7 started. Node id is set to 72.
584	ID:66	MAC 42:00:00:00:00:00:00:00 Contiki 2.7 started. Node id is set to 66.
589	ID:68	Rime started with address 68.0
594	ID:72	nullmac adapt-medal-rdc, channel check rate 16 Hz, radio channel 26
594	ID:66	nullmac adapt-medal-rdc, channel check rate 16 Hz, radio channel 26
596	ID:72	Starting 'example medal-adaptive'
597	ID:66	Starting 'example medal-adaptive'
597	ID:68	MAC 44:00:00:00:00:00:00:00 Contiki 2.7 started. Node id is set to 68.
604	ID:98	Rime started with address 98.0
604	ID:83	Rime started with address 83.0
604	ID:59	Rime started with address 59.0
608	ID:68	nullmac adapt-medal-rdc, channel check rate 16 Hz, radio channel 26
610	ID:68	Starting 'example medal-adaptive'
612	ID:98	MAC 62:00:00:00:00:00:00:00 Contiki 2.7 started. Node id is set to 98.
612	ID:83	MAC 53:00:00:00:00:00:00:00 Contiki 2.7 started. Node id is set to 83.
612	ID:59	MAC 3b:00:00:00:00:00:00:00 Contiki 2.7 started. Node id is set to 59.
618	ID:88	Rime started with address 88.0
623	ID:98	nullmac adapt-medal-rdc, channel check rate 16 Hz, radio channel 26
623	ID:83	nullmac adapt-medal-rdc, channel check rate 16 Hz, radio channel 26
623	ID:59	nullmac adapt-medal-rdc, channel check rate 16 Hz, radio channel 26
625	ID:98	Starting 'example medal-adaptive'
625	ID:83	Starting 'example medal-adaptive'
625	ID:59	Starting 'example medal-adaptive'
626	ID:88	MAC 58:00:00:00:00:00:00:00 Contiki 2.7 started. Node id is set to 88.
626	ID:74	Rime started with address 74.0
628	ID:24	Rime started with address 24.0
634	ID:74	MAC 4a:00:00:00:00:00:00:00 Contiki 2.7 started. Node id is set to 74.
636	ID:24	MAC 18:00:00:00:00:00:00:00 Contiki 2.7 started. Node id is set to 24.
636	ID:88	nullmac adapt-medal-rdc, channel check rate 16 Hz, radio channel 26
639	ID:88	Starting 'example medal-adaptive'
639	ID:11	Rime started with address 11.0
645	ID:74	nullmac adapt-medal-rdc, channel check rate 16 Hz, radio channel 26
646	ID:24	nullmac adapt-medal-rdc, channel check rate 16 Hz, radio channel 26
647	ID:11	MAC 0b:00:00:00:00:00:00:00 Contiki 2.7 started. Node id is set to 11.
647	ID:74	Starting 'example medal-adaptive'
648	ID:64	Rime started with address 64.0
649	ID:24	Starting 'example medal-adaptive'
650	ID:103	Rime started with address 103.0
651	ID:44	Rime started with address 44.0
657	ID:64	MAC 40:00:00:00:00:00:00:00 Contiki 2.7 started. Node id is set to 64.
657	ID:11	nullmac adapt-medal-rdc, channel check rate 16 Hz, radio channel 26
658	ID:103	MAC 67:00:00:00:00:00:00:00 Contiki 2.7 started. Node id is set to 103.
659	ID:44	MAC 2c:00:00:00:00:00:00:00 Contiki 2.7 started. Node id is set to 44.
660	ID:11	Starting 'example medal-adaptive'
667	ID:64	nullmac adapt-medal-rdc, channel check rate 16 Hz, radio channel 26
669	ID:103	nullmac adapt-medal-rdc, channel check rate 16 Hz, radio channel 26
669	ID:37	Rime started with address 37.0
669	ID:64	Starting 'example medal-adaptive'
670	ID:44	nullmac adapt-medal-rdc, channel check rate 16 Hz, radio channel 26
671	ID:103	Starting 'example medal-adaptive'
672	ID:44	Starting 'example medal-adaptive'
677	ID:37	MAC 25:00:00:00:00:00:00:00 Contiki 2.7 started. Node id is set to 37.
688	ID:37	nullmac adapt-medal-rdc, channel check rate 16 Hz, radio channel 26
690	ID:37	Starting 'example medal-adaptive'
691	ID:101	Rime started with address 101.0
692	ID:34	Rime started with address 34.0
694	ID:43	Rime started with address 43.0
696	ID:14	Rime started with address 14.0
700	ID:101	MAC 65:00:00:00:00:00:00:00 Contiki 2.7 started. Node id is set to 101.
700	ID:34	MAC 22:00:00:00:00:00:00:00 Contiki 2.7 started. Node id is set to 34.
703	ID:43	MAC 2b:00:00:00:00:00:00:00 Contiki 2.7 started. Node id is set to 43.
704	ID:14	MAC 0e:00:00:00:00:00:00:00 Contiki 2.7 started. Node id is set to 14.
710	ID:101	nullmac adapt-medal-rdc, channel check rate 16 Hz, radio channel 26
710	ID:34	nullmac adapt-medal-rdc, channel check rate 16 Hz, radio channel 26
713	ID:101	Starting 'example medal-adaptive'
713	ID:34	Starting 'example medal-adaptive'
713	ID:43	nullmac adapt-medal-rdc, channel check rate 16 Hz, radio channel 26
714	ID:14	nullmac adapt-medal-rdc, channel check rate 16 Hz, radio channel 26
716	ID:43	Starting 'example medal-adaptive'
717	ID:14	Starting 'example medal-adaptive'
722	ID:50	Rime started with address 50.0
729	ID:69	Rime started with address 69.0
730	ID:50	MAC 32:00:00:00:00:00:00:00 Contiki 2.7 started. Node id is set to 50.
737	ID:69	MAC 45:00:00:00:00:00:00:00 Contiki 2.7 started. Node id is set to 69.
741	ID:50	nullmac adapt-medal-rdc, channel check rate 16 Hz, radio channel 26
743	ID:50	Starting 'example medal-adaptive'
747	ID:69	nullmac adapt-medal-rdc, channel check rate 16 Hz, radio channel 26
748	ID:39	Rime started with address 39.0
749	ID:80	Rime started with address 80.0
750	ID:69	Starting 'example medal-adaptive'
753	ID:94	Rime started with address 94.0
754	ID:29	Rime started with address 29.0
755	ID:93	Rime started with address 93.0
757	ID:39	MAC 27:00:00:00:00:00:00:00 Contiki 2.7 started. Node id is set to 39.
757	ID:80	MAC 50:00:00:00:00:00:00:00 Contiki 2.7 started. Node id is set to 80.
761	ID:94	MAC 5e:00:00:00:00:00:00:00 Contiki 2.7 started. Node id is set to 94.
762	ID:29	MAC 1d:00:00:00:00:00:00:00 Contiki 2.7 started. Node id is set to 29.
763	ID:93	MAC 5d:00:00:00:00:00:00:00 Contiki 2.7 started. Node id is set to 93.
763	ID:28	Rime started with address 28.0
765	ID:26	Rime started with address 26.0
767	ID:39	nullmac adapt-medal-rdc, channel check rate 16 Hz, radio channel 26
767	ID:80	nullmac adapt-medal-rdc, channel check rate 16 Hz, radio channel 26
769	ID:39	Starting 'example medal-adaptive'
770	ID:80	Starting 'example medal-adaptive'
771	ID:28	MAC 1c:00:00:00:00:00:00:00 Contiki 2.7 started. Node id is set to 28.
771	ID:94	nullmac adapt-medal-rdc, channel check rate 16 Hz, radio channel 26
772	ID:40	Rime started with address 40.0
773	ID:29	nullmac adapt-medal-rdc, channel check rate 16 Hz, radio channel 26
773	ID:93	nullmac adapt-medal-rdc, channel check rate 16 Hz, radio channel 26
773	ID:26	MAC 1a:00:00:00:00:00:00:00 Contiki 2.7 started. Node id is set to 26.
774	ID:94	Starting 'example medal-adaptive'
775	ID:29	Starting 'example medal-adaptive'
775	ID:90	Rime started with address 90.0
776	ID:93	Starting 'example medal-adaptive'
780	ID:40	MAC 28:00:00:00:00:00:00:00 Contiki 2.7 started. Node id is set to 40.
782	ID:28	nullmac adapt-medal-rdc, channel check rate 16 Hz, radio channel 26
783	ID:90	MAC 5a:00:00:00:00:00:00:00 Contiki 2.7 started. Node id is set to 90.
784	ID:26	nullmac adapt-medal-rdc, channel check rate 16 Hz, radio channel 26
784	ID:28	Starting 'example medal-adaptive'
786	ID:26	Starting 'example medal-adaptive'
789	ID:60	Rime started with address 60.0
791	ID:40	nullmac adapt-medal-rdc, channel check rate 16 Hz, radio channel 26
793	ID:40	Starting 'example medal-adaptive'
794	ID:90	nullmac adapt-medal-rdc, channel check rate 16 Hz, radio channel 26
796	ID:90	Starting 'example medal-adaptive'
797	ID:60	MAC 3c:00:00:00:00:00:00:00 Contiki 2.7 started. Node id is set to 60.
808	ID:60	nullmac adapt-medal-rdc, channel check rate 16 Hz, radio channel 26
808	ID:46	Rime started with address 46.0
809	ID:8	Rime started with address 8.0
810	ID:60	Starting 'example medal-adaptive'
816	ID:46	MAC 2e:00:00:00:00:00:00:00 Contiki 2.7 started. Node id is set to 46.
817	ID:8	MAC 08:00:00:00:00:00:00:00 Contiki 2.7 started. Node id is set to 8.
819	ID:78	Rime started with address 78.0
827	ID:46	nullmac adapt-medal-rdc, channel check rate 16 Hz, radio channel 26
827	ID:78	MAC 4e:00:00:00:00:00:00:00 Contiki 2.7 started. Node id is set to 78.
828	ID:8	nullmac adapt-medal-rdc, channel check rate 16 Hz, radio channel 26
829	ID:46	Starting 'example medal-adaptive'
830	ID:8	Starting 'example medal-adaptive'
838	ID:78	nullmac adapt-medal-rdc, channel check rate 16 Hz, radio channel 26
840	ID:78	Starting 'example medal-adaptive'
848	ID:55	Rime started with address 55.0
856	ID:55	MAC 37:00:00:00:00:00:00:00 Contiki 2.7 started. Node id is set to 55.
862	ID:95	Rime started with address 95.0
864	ID:36	Rime started with address 36.0
866	ID:55	nullmac adapt-medal-rdc, channel check rate 16 Hz, radio channel 26
869	ID:55	Starting 'example medal-adaptive'
869	ID:92	Rime started with address 92.0
870	ID:95	MAC 5f:00:00:00:00:00:00:00 Contiki 2.7 started. Node id is set to 95.
872	ID:36	MAC 24:00:00:00:00:00:00:00 Contiki 2.7 started. Node id is set to 36.
877	ID:92	MAC 5c:00:00:00:00:00:00:00 Contiki 2.7 started. Node id is set to 92.
880	ID:97	Rime started with address 97.0
881	ID:95	nullmac adapt-medal-rdc, channel check rate 16 Hz, radio channel 26
882	ID:36	nullmac adapt-medal-rdc, channel check rate 16 Hz, radio channel 26
883	ID:95	Starting 'example medal-adaptive'
885	ID:36	Starting 'example medal-adaptive'
888	ID:97	MAC 61:00:00:00:00:00:00:00 Contiki 2.7 started. Node id is set to 97.
888	ID:92	nullmac adapt-medal-rdc, channel check rate 16 Hz, radio channel 26
890	ID:92	Starting 'example medal-adaptive'
891	ID:23	Rime started with address 23.0
898	ID:97	nullmac adapt-medal-rdc, channel check rate 16 Hz, radio channel 26
900	ID:23	MAC 17:00:00:00:00:00:00:00 Contiki 2.7 started. Node id is set to 23.
901	ID:97	Starting 'example medal-adaptive'
902	ID:58	Rime started with address 58.0
904	ID:82	Rime started with address 82.0
908	ID:19	Rime started with address 19.0
910	ID:23	nullmac adapt-medal-rdc, channel check rate 16 Hz, radio channel 26
910	ID:58	MAC 3a:00:00:00:00:00:00:00 Contiki 2.7 started. Node id is set to 58.
913	ID:23	Starting 'example medal-adaptive'
913	ID:82	MAC 52:00:00:00:00:00:00:00 Contiki 2.7 started. Node id is set to 82.
916	ID:19	MAC 13:00:00:00:00:00:00:00 Contiki 2.7 started. Node id is set to 19.
921	ID:58	nullmac adapt-medal-rdc, channel check rate 16 Hz, radio channel 26
923	ID:82	nullmac adapt-medal-rdc, channel check rate 16 Hz, radio channel 26
923	ID:58	Starting 'example medal-adaptive'
926	ID:82	Starting 'example medal-adaptive'
927	ID:19	nullmac adapt-medal-rdc, channel check rate 16 Hz, radio channel 26
929	ID:19	Starting 'example medal-adaptive'
938	ID:65	Rime started with address 65.0
946	ID:65	MAC 41:00:00:00:00:00:00:00 Contiki 2.7 started. Node id is set to 65.
947	ID:76	Rime started with address 76.0
955	ID:76	MAC 4c:00:00:00:00:00:00:00 Contiki 2.7 started. Node id is set to 76.
955	ID:18	Rime started with address 18.0
957	ID:65	nullmac adapt-medal-rdc, channel check rate 16 Hz, radio channel 26
959	ID:65	Starting 'example medal-adaptive'
964	ID:18	MAC 12:00:00:00:00:00:00:00 Contiki 2.7 started. Node id is set to 18.
966	ID:76	nullmac adapt-medal-rdc, channel check rate 16 Hz, radio channel 26
968	ID:76	Starting 'example medal-adaptive'
974	ID:18	nullmac adapt-medal-rdc, channel check rate 16 Hz, radio channel 26
977	ID:18	Starting 'example medal-adaptive'
1005	ID:41	Rime started with address 41.0
1013	ID:41	MAC 29:00:00:00:00:00:00:00 Contiki 2.7 started. Node id is set to 41.
1023	ID:99	Rime started with address 99.0
1024	ID:41	nullmac adapt-medal-rdc, channel check rate 16 Hz, radio channel 26
1026	ID:41	Starting 'example medal-adaptive'
1031	ID:99	MAC 63:00:00:00:00:00:00:00 Contiki 2.7 started. Node id is set to 99.
1034	ID:85	Rime started with address 85.0
1041	ID:99	nullmac adapt-medal-rdc, channel check rate 16 Hz, radio channel 26
1042	ID:70	Rime started with address 70.0
1043	ID:85	MAC 55:00:00:00:00:00:00:00 Contiki 2.7 started. Node id is set to 85.
1043	ID:53	Rime started with address 53.0
1044	ID:99	Starting 'example medal-adaptive'
1047	ID:49	Rime started with address 49.0
1050	ID:70	MAC 46:00:00:00:00:00:00:00 Contiki 2.7 started. Node id is set to 70.
1051	ID:53	MAC 35:00:00:00:00:00:00:00 Contiki 2.7 started. Node id is set to 53.
1052	ID:38	Rime started with address 38.0
1053	ID:85	nullmac adapt-medal-rdc, channel check rate 16 Hz, radio channel 26
1055	ID:49	MAC 31:00:00:00:00:00:00:00 Contiki 2.7 started. Node id is set to 49.
1056	ID:85	Starting 'example medal-adaptive'
1060	ID:38	MAC 26:00:00:00:00:00:00:00 Contiki 2.7 started. Node id is set to 38.
1061	ID:70	nullmac adapt-medal-rdc, channel check rate 16 Hz, radio channel 26
1062	ID:53	nullmac adapt-medal-rdc, channel check rate 16 Hz, radio channel 26
1063	ID:62	Rime started with address 62.0
1063	ID:70	Starting 'example medal-adaptive'
1064	ID:53	Starting 'example medal-adaptive'
1066	ID:49	nullmac adapt-medal-rdc, channel check rate 16 Hz, radio channel 26
1068	ID:49	Starting 'example medal-adaptive'
1071	ID:38	nullmac adapt-medal-rdc, channel check rate 16 Hz, radio channel 26
1071	ID:62	MAC 3e:00:00:00:00:00:00:00 Contiki 2.7 started. Node id is set to 62.
1073	ID:38	Starting 'example medal-adaptive'
1078	ID:45	Rime started with address 45.0
1081	ID:62	nullmac adapt-medal-rdc, channel check rate 16 Hz, radio channel 26
1083	ID:51	Rime started with address 51.0
1084	ID:62	Starting 'example medal-adaptive'
1086	ID:45	MAC 2d:00:00:00:00:00:00:00 Contiki 2.7 started. Node id is set to 45.
1088	ID:30	Rime started with address 30.0
1091	ID:4	Rime started with address 4.0
1091	ID:51	MAC 33:00:00:00:00:00:00:00 Contiki 2.7 started. Node id is set to 51.
1096	ID:30	MAC 1e:00:00:00:00:00:00:00 Contiki 2.7 started. Node id is set to 30.
1097	ID:45	nullmac adapt-medal-rdc, channel check rate 16 Hz, radio channel 26
1099	ID:4	MAC 04:00:00:00:00:00:00:00 Contiki 2.7 started. Node id is set to 4.
1099	ID:45	Starting 'example medal-adaptive'
1102	ID:51	nullmac adapt-medal-rdc, channel check rate 16 Hz, radio channel 26
1104	ID:51	Starting 'example medal-adaptive'
1106	ID:30	nullmac adapt-medal-rdc, channel check rate 16 Hz, radio channel 26
1107	ID:104	Rime started with address 104.0
1109	ID:30	Starting 'example medal-adaptive'
1109	ID:4	nullmac adapt-medal-rdc, channel check rate 16 Hz, radio channel 26
1112	ID:4	Starting 'example medal-adaptive'
1113	ID:77	Rime started with address 77.0
1115	ID:104	MAC 68:00:00:00:00:00:00:00 Contiki 2.7 started. Node id is set to 104.
1121	ID:77	MAC 4d:00:00:00:00:00:00:00 Contiki 2.7 started. Node id is set to 77.
1126	ID:104	nullmac adapt-medal-rdc, channel check rate 16 Hz, radio channel 26
1126	ID:3	Rime started with address 3.0
1128	ID:104	Starting 'example medal-adaptive'
1132	ID:77	nullmac adapt-medal-rdc, channel check rate 16 Hz, radio channel 26
1134	ID:42	Rime started with address 42.0
1134	ID:3	MAC 03:00:00:00:00:00:00:00 Contiki 2.7 started. Node id is set to 3.
1134	ID:77	Starting 'example medal-adaptive'
1141	ID:15	Rime started with address 15.0
1142	ID:42	MAC 2a:00:00:00:00:00:00:00 Contiki 2.7 started. Node id is set to 42.
1144	ID:63	Rime started with address 63.0
1145	ID:3	nullmac adapt-medal-rdc, channel check rate 16 Hz, radio channel 26
1147	ID:3	Starting 'example medal-adaptive'
1149	ID:15	MAC 0f:00:00:00:00:00:00:00 Contiki 2.7 started. Node id is set to 15.
1150	ID:75	Rime started with address 75.0
1150	ID:10	Rime started with address 10.0
1152	ID:42	nullmac adapt-medal-rdc, channel check rate 16 Hz, radio channel 26
1153	ID:63	MAC 3f:00:00:00:00:00:00:00 Contiki 2.7 started. Node id is set to 63.
1155	ID:42	Starting 'example medal-adaptive'
1158	ID:75	MAC 4b:00:00:00:00:00:00:00 Contiki 2.7 started. Node id is set to 75.
1158	ID:10	MAC 0a:00:00:00:00:00:00:00 Contiki 2.7 started. Node id is set to 10.
1160	ID:15	nullmac adapt-medal-rdc, channel check rate 16 Hz, radio channel 26
1162	ID:15	Starting 'example medal-adaptive'
1163	ID:63	nullmac adapt-medal-rdc, channel check rate 16 Hz, radio channel 26
1166	ID:63	Starting 'example medal-adaptive'
1169	ID:75	nullmac adapt-medal-rdc, channel check rate 16 Hz, radio channel 26
1169	ID:10	nullmac adapt-medal-rdc, channel check rate 16 Hz, radio channel 26
1171	ID:75	Starting 'example medal-adaptive'
1171	ID:10	Starting 'example medal-adaptive'
1173	ID:73	Rime started with address 73.0
1178	ID:20	Rime started with address 20.0
1181	ID:73	MAC 49:00:00:00:00:00:00:00 Contiki 2.7 started. Node id is set to 73.
1186	ID:20	MAC 14:00:00:00:00:00:00:00 Contiki 2.7 started. Node id is set to 20.
1191	ID:73	nullmac adapt-medal-rdc, channel check rate 16 Hz, radio channel 26
1194	ID:73	Starting 'example medal-adaptive'
1195	ID:9	Rime started with address 9.0
1197	ID:20	nullmac adapt-medal-rdc, channel check rate 16 Hz, radio channel 26
1198	ID:25	Rime started with address 25.0
1199	ID:20	Starting 'example medal-adaptive'
1203	ID:9	MAC 09:00:00:00:00:00:00:00 Contiki 2.7 started. Node id is set to 9.
1204	ID:84	Rime started with address 84.0
1206	ID:25	MAC 19:00:00:00:00:00:00:00 Contiki 2.7 started. Node id is set to 25.
1206	ID:79	Rime started with address 79.0
1212	ID:84	MAC 54:00:00:00:00:00:00:00 Contiki 2.7 started. Node id is set to 84.
1213	ID:9	nullmac adapt-medal-rdc, channel check rate 16 Hz, radio channel 26
1214	ID:79	MAC 4f:00:00:00:00:00:00:00 Contiki 2.7 started. Node id is set to 79.
1216	ID:9	Starting 'example medal-adaptive'
1216	ID:25	nullmac adapt-medal-rdc, channel check rate 16 Hz, radio channel 26
1219	ID:25	Starting 'example medal-adaptive'
1222	ID:84	nullmac adapt-medal-rdc, channel check rate 16 Hz, radio channel 26
1222	ID:21	Rime started with address 21.0
1225	ID:79	nullmac adapt-medal-rdc, channel check rate 16 Hz, radio channel 26
1225	ID:84	Starting 'example medal-adaptive'
1225	ID:16	Rime started with address 16.0
1227	ID:79	Starting 'example medal-adaptive'
1227	ID:52	Rime started with address 52.0
1230	ID:21	MAC 15:00:00:00:00:00:00:00 Contiki 2.7 started. Node id is set to 21.
1233	ID:16	MAC 10:00:00:00:00:00:00:00 Contiki 2.7 started. Node id is set to 16.
1236	ID:52	MAC 34:00:00:00:00:00:00:00 Contiki 2.7 started. Node id is set to 52.
1240	ID:67	Rime started with address 67.0
1241	ID:21	nullmac adapt-medal-rdc, channel check rate 16 Hz, radio channel 26
1243	ID:21	Starting 'example medal-adaptive'
1244	ID:16	nullmac adapt-medal-rdc, channel check rate 16 Hz, radio channel 26
1246	ID:52	nullmac adapt-medal-rdc, channel check rate 16 Hz, radio channel 26
1246	ID:16	Starting 'example medal-adaptive'
1247	ID:32	Rime started with address 32.0
1248	ID:67	MAC 43:00:00:00:00:00:00:00 Contiki 2.7 started. Node id is set to 67.
1249	ID:52	Starting 'example medal-adaptive'
1255	ID:32	MAC 20:00:00:00:00:00:00:00 Contiki 2.7 started. Node id is set to 32.
1258	ID:67	nullmac adapt-medal-rdc, channel check rate 16 Hz, radio channel 26
1259	ID:35	Rime started with address 35.0
1261	ID:67	Starting 'example medal-adaptive'
1266	ID:32	nullmac adapt-medal-rdc, channel check rate 16 Hz, radio channel 26
1267	ID:35	MAC 23:00:00:00:00:00:00:00 Contiki 2.7 started. Node id is set to 35.
1268	ID:32	Starting 'example medal-adaptive'
1278	ID:35	nullmac adapt-medal-rdc, channel check rate 16 Hz, radio channel 26
1280	ID:35	Starting 'example medal-adaptive'
2288	ID:96	NET_SIZE: 105, PLD_SIZE: 110
2304	ID:1	NET_SIZE: 105, PLD_SIZE: 110
2317	ID:33	NET_SIZE: 105, PLD_SIZE: 110
2326	ID:31	NET_SIZE: 105, PLD_SIZE: 110
2334	ID:48	NET_SIZE: 105, PLD_SIZE: 110
2335	ID:89	NET_SIZE: 105, PLD_SIZE: 110
2339	ID:6	NET_SIZE: 105, PLD_SIZE: 110
2352	ID:91	NET_SIZE: 105, PLD_SIZE: 110
2362	ID:71	NET_SIZE: 105, PLD_SIZE: 110
2370	ID:56	NET_SIZE: 105, PLD_SIZE: 110
2373	ID:47	NET_SIZE: 105, PLD_SIZE: 110
2381	ID:87	NET_SIZE: 105, PLD_SIZE: 110
2393	ID:2	NET_SIZE: 105, PLD_SIZE: 110
2396	ID:33	>:1,33,3,2,1,6
2398	ID:105	NET_SIZE: 105, PLD_SIZE: 110
2416	ID:7	NET_SIZE: 105, PLD_SIZE: 110
2418	ID:48	>:1,48,3,2,1,7
2419	ID:96	>:1,96,3,2,1,11
2419	ID:71	>:1,71,3,2,1,5
2427	ID:6	>:1,6,3,3,1,7
2431	ID:1	>:1,1,3,2,1,12
2432	ID:33	>:1,33,3,3,2,9
2435	ID:54	NET_SIZE: 105, PLD_SIZE: 110
2444	ID:2	>:1,2,3,3,1,4
2445	ID:47	>:1,47,3,3,1,5
2445	ID:91	>:1,91,3,3,1,6
2449	ID:5	NET_SIZE: 105, PLD_SIZE: 110
2452	ID:12	NET_SIZE: 105, PLD_SIZE: 110
2453	ID:27	NET_SIZE: 105, PLD_SIZE: 110
2460	ID:22	NET_SIZE: 105, PLD_SIZE: 110
2462	ID:31	>:1,31,3,2,1,11
2476	ID:91	>:1,91,3,4,2,9
2486	ID:81	NET_SIZE: 105, PLD_SIZE: 110
2488	ID:57	NET_SIZE: 105, PLD_SIZE: 110
2497	ID:5	>:1,5,3,5,1,4
2498	ID:102	NET_SIZE: 105, PLD_SIZE: 110
2500	ID:13	NET_SIZE: 105, PLD_SIZE: 110
2508	ID:27	>:1,27,3,2,1,4
2513	ID:17	NET_SIZE: 105, PLD_SIZE: 110
2522	ID:7	>:1,7,3,2,1,8
2525	ID:57	>:1,57,3,2,1,2
2526	ID:102	>:1,102,3,2,1,3
2526	ID:12	>:1,12,3,2,1,5
2528	ID:22	>:1,22,3,3,1,5
2532	ID:96	>:1,96,3,5,2,19
2549	ID:87	>:1,87,3,3,1,13
2551	ID:27	>:1,27,3,4,2,7
2568	ID:86	NET_SIZE: 105, PLD_SIZE: 110
2569	ID:61	NET_SIZE: 105, PLD_SIZE: 110
2571	ID:33	>:1,33,3,4,2,19
2571	ID:54	>:1,54,3,4,1,12
2573	ID:100	NET_SIZE: 105, PLD_SIZE: 110
2596	ID:72	NET_SIZE: 105, PLD_SIZE: 110
2596	ID:66	NET_SIZE: 105, PLD_SIZE: 110
2606	ID:22	>:1,22,3,5,2,12
2610	ID:68	NET_SIZE: 105, PLD_SIZE: 110
2620	ID:2	>:1,2,3,5,2,15
2622	ID:12	>:1,12,3,4,1,12
2625	ID:98	NET_SIZE: 105, PLD_SIZE: 110
2625	ID:83	NET_SIZE: 105, PLD_SIZE: 110
2625	ID:59	NET_SIZE: 105, PLD_SIZE: 110
2627	ID:17	>:1,17,3,2,1,9
2632	ID:96	>:1,96,3,7,3,27
2639	ID:88	NET_SIZE: 105, PLD_SIZE: 110
2639	ID:12	>:1,12,3,5,2,13
2640	ID:57	>:1,57,3,3,2,11
2645	ID:2	>:1,2,3,6,3,18
2647	ID:66	>:1,66,3,5,1,4
2647	ID:74	NET_SIZE: 105, PLD_SIZE: 110
2649	ID:24	NET_SIZE: 105, PLD_SIZE: 110
2651	ID:91	>:1,91,3,5,4,23
2651	ID:5	>:1,5,3,7,2,15
2654	ID:56	>:1,56,3,2,1,21
2657	ID:66	>:1,66,3,6,1,5
2659	ID:105	>:1,105,3,3,1,18
2660	ID:11	NET_SIZE: 105, PLD_SIZE: 110
2660	ID:2	>:1,2,3,7,4,19
2664	ID:88	>:1,88,3,2,1,2
2665	ID:48	>:1,48,3,3,2,24
2666	ID:71	>:1,71,3,3,2,21
2669	ID:64	NET_SIZE: 105, PLD_SIZE: 110
2671	ID:103	NET_SIZE: 105, PLD_SIZE: 110
2672	ID:44	NET_SIZE: 105, PLD_SIZE: 110
2672	ID:102	>:1,102,3,3,2,13
2676	ID:6	>:1,6,3,4,2,25
2686	ID:98	>:1,98,3,7,1,5
2687	ID:47	>:1,47,3,4,2,21
2689	ID:54	>:1,54,3,5,2,20
2690	ID:37	NET_SIZE: 105, PLD_SIZE: 110
2693	ID:61	>:1,61,3,2,1,9
2693	ID:87	>:1,87,3,4,2,24
2695	ID:74	>:1,74,3,2,1,5
2704	ID:68	>:1,68,3,7,1,7
2711	ID:103	>:1,103,3,8,1,3
2711	ID:47	>:1,47,3,5,2,23
2712	ID:101	NET_SIZE: 105, PLD_SIZE: 110
2713	ID:34	NET_SIZE: 105, PLD_SIZE: 110
2715	ID:43	NET_SIZE: 105, PLD_SIZE: 110
2717	ID:14	NET_SIZE: 105, PLD_SIZE: 110
2718	ID:33	>:1,33,3,5,3,29
2719	ID:56	>:1,56,3,3,2,25
2722	ID:105	>:1,105,3,6,3,23
2725	ID:24	>:1,24,3,8,1,6
2734	ID:68	>:1,68,3,8,2,9
2743	ID:50	NET_SIZE: 105, PLD_SIZE: 110
2745	ID:87	>:1,87,3,5,3,29
2749	ID:69	NET_SIZE: 105, PLD_SIZE: 110
2751	ID:48	>:1,48,3,8,3,30
2754	ID:54	>:1,54,3,6,3,24
2755	ID:101	>:1,101,3,2,1,3
2761	ID:61	>:1,61,3,3,2,13
2762	ID:72	>:1,72,3,2,1,12
2769	ID:39	NET_SIZE: 105, PLD_SIZE: 110
2770	ID:80	NET_SIZE: 105, PLD_SIZE: 110
2771	ID:100	>:1,100,3,4,1,15
2771	ID:57	>:1,57,3,6,2,20
2774	ID:94	NET_SIZE: 105, PLD_SIZE: 110
2774	ID:61	>:1,61,3,4,3,14
2775	ID:29	NET_SIZE: 105, PLD_SIZE: 110
2775	ID:93	NET_SIZE: 105, PLD_SIZE: 110
2777	ID:27	>:1,27,3,5,3,24
2782	ID:71	>:1,71,3,6,2,31
2784	ID:28	NET_SIZE: 105, PLD_SIZE: 110
2785	ID:86	>:1,86,3,5,1,17
2786	ID:26	NET_SIZE: 105, PLD_SIZE: 110
2786	ID:22	>:1,22,3,7,3,26
2793	ID:40	NET_SIZE: 105, PLD_SIZE: 110
2793	ID:11	>:1,11,3,7,1,11
2793	ID:54	>:1,54,3,8,4,27
2794	ID:105	>:1,105,3,7,4,28
2796	ID:90	NET_SIZE: 105, PLD_SIZE: 110
2810	ID:60	NET_SIZE: 105, PLD_SIZE: 110
2814	ID:34	>:1,34,3,2,1,8
2815	ID:101	>:1,101,3,9,2,8
2829	ID:46	NET_SIZE: 105, PLD_SIZE: 110
2830	ID:8	NET_SIZE: 105, PLD_SIZE: 110
2831	ID:64	>:1,64,3,2,1,13
2831	ID:56	>:1,56,3,4,3,32
2837	ID:13	>:1,13,3,5,1,27
2837	ID:66	>:1,66,3,7,2,18
2840	ID:98	>:1,98,3,8,3,16
2840	ID:78	NET_SIZE: 105, PLD_SIZE: 110
2842	ID:1	>:1,1,3,3,2,41
2845	ID:39	>:1,39,3,2,1,7
2852	ID:80	>:1,80,3,3,1,7
2853	ID:47	>:1,47,3,7,3,34
2854	ID:46	>:1,46,3,2,1,3
2858	ID:47	>:1,47,3,9,4,34
2861	ID:88	>:1,88,3,3,2,15
2866	ID:26	>:1,26,3,2,1,6
2869	ID:55	NET_SIZE: 105, PLD_SIZE: 110
2875	ID:1	>:1,1,3,4,3,43
2877	ID:8	>:1,8,3,6,1,4
2877	ID:14	>:1,14,3,7,1,12
2878	ID:27	>:1,27,3,6,4,31
2880	ID:102	>:1,102,3,4,3,28
2881	ID:37	>:1,37,3,2,1,14
2883	ID:95	NET_SIZE: 105, PLD_SIZE: 110
2884	ID:94	>:1,94,3,8,1,9
2884	ID:36	NET_SIZE: 105, PLD_SIZE: 110
2887	ID:50	>:1,50,3,3,1,11
2890	ID:33	>:1,33,3,7,4,41
2890	ID:47	>:1,47,3,10,5,37
2890	ID:92	NET_SIZE: 105, PLD_SIZE: 110
2890	ID:91	>:1,91,3,6,5,38
2893	ID:87	>:1,87,3,6,4,40
2898	ID:78	>:1,78,3,9,1,5
2900	ID:97	NET_SIZE: 105, PLD_SIZE: 110
2901	ID:57	>:1,57,3,7,2,29
2902	ID:100	>:1,100,3,7,1,25
2909	ID:46	>:1,46,3,8,2,7
2911	ID:34	>:1,34,3,7,2,15
2912	ID:23	NET_SIZE: 105, PLD_SIZE: 110
2914	ID:90	>:1,90,3,9,1,9
2914	ID:98	>:1,98,3,9,4,21
2915	ID:14	>:1,14,3,8,2,14
2918	ID:24	>:1,24,3,10,2,20
2921	ID:100	>:1,100,3,9,2,27
2923	ID:58	NET_SIZE: 105, PLD_SIZE: 110
2925	ID:13	>:1,13,3,9,2,32
2925	ID:82	NET_SIZE: 105, PLD_SIZE: 110
2927	ID:28	>:1,28,3,2,1,11
2929	ID:19	NET_SIZE: 105, PLD_SIZE: 110
2932	ID:94	>:1,94,3,9,2,12
2933	ID:36	>:1,36,3,9,1,4
2936	ID:40	>:1,40,3,1,0,10
2936	ID:71	>:1,71,3,7,2,42
2940	ID:47	>:1,47,3,12,6,40
2945	ID:68	>:1,68,3,10,4,25
2954	ID:105	>:1,105,3,10,5,39
2954	ID:87	>:1,87,3,7,5,44
2956	ID:7	>:1,7,3,3,2,37
2959	ID:65	NET_SIZE: 105, PLD_SIZE: 110
2967	ID:102	>:1,102,3,7,4,36
2967	ID:22	>:1,22,3,12,3,38
2968	ID:93	>:1,93,3,9,1,13
2968	ID:76	NET_SIZE: 105, PLD_SIZE: 110
2968	ID:56	>:1,56,3,6,4,43
2969	ID:95	>:1,95,3,6,1,7
2970	ID:33	>:1,33,3,10,4,46
2973	ID:93	>:1,93,3,11,2,13
2975	ID:74	>:1,74,3,3,2,26
2976	ID:18	NET_SIZE: 105, PLD_SIZE: 110
2977	ID:66	>:1,66,3,9,3,28
2977	ID:86	>:1,86,3,9,2,32
2989	ID:90	>:1,90,3,10,2,14
2995	ID:18	>:1,18,3,2,1,2
2997	ID:14	>:1,14,3,9,2,21
2997	ID:101	>:1,101,3,11,3,22
2997	ID:47	>:1,47,3,16,7,45
3004	ID:95	>:1,95,3,7,2,10
3007	ID:60	>:1,60,3,2,1,15
3012	ID:57	>:1,57,3,8,3,36
3015	ID:28	>:1,28,3,3,2,18
3026	ID:41	NET_SIZE: 105, PLD_SIZE: 110
3033	ID:56	>:1,56,3,7,4,48
3036	ID:74	>:1,74,3,4,3,31
3039	ID:64	>:1,64,3,6,2,28
3044	ID:99	NET_SIZE: 105, PLD_SIZE: 110
3046	ID:60	>:1,60,3,3,2,18
3046	ID:34	>:1,34,3,8,3,24
3050	ID:87	>:1,87,3,9,6,52
3055	ID:85	NET_SIZE: 105, PLD_SIZE: 110
3056	ID:66	>:1,66,3,10,5,34
3063	ID:81	>:1,81,3,4,1,43
3063	ID:97	>:1,97,3,3,1,11
3063	ID:70	NET_SIZE: 105, PLD_SIZE: 110
3064	ID:53	NET_SIZE: 105, PLD_SIZE: 110
3064	ID:71	>:1,71,3,8,2,52
3068	ID:49	NET_SIZE: 105, PLD_SIZE: 110
3068	ID:71	>:1,71,3,9,3,53
3069	ID:88	>:1,88,3,8,3,31
3069	ID:97	>:1,97,3,10,2,12
3070	ID:26	>:1,26,3,5,2,21
3071	ID:11	>:1,11,3,14,2,30
3073	ID:38	NET_SIZE: 105, PLD_SIZE: 110
3077	ID:8	>:1,8,3,11,2,18
3077	ID:55	>:1,55,3,2,1,15
3081	ID:34	>:1,34,3,12,4,27
3081	ID:39	>:1,39,3,3,2,23
3084	ID:62	NET_SIZE: 105, PLD_SIZE: 110
3087	ID:13	>:1,13,3,18,2,45
3088	ID:46	>:1,46,3,11,3,19
3093	ID:56	>:1,56,3,8,5,53
3093	ID:78	>:1,78,3,10,2,19
3096	ID:37	>:1,37,3,3,2,29
3097	ID:70	>:1,70,3,5,1,3
3099	ID:12	>:1,12,3,8,3,44
3099	ID:45	NET_SIZE: 105, PLD_SIZE: 110
3102	ID:28	>:1,28,3,4,3,24
3103	ID:82	>:1,82,3,2,1,13
3104	ID:51	NET_SIZE: 105, PLD_SIZE: 110
3105	ID:98	>:1,98,3,11,4,35
3106	ID:49	>:1,49,3,6,1,4
3109	ID:30	NET_SIZE: 105, PLD_SIZE: 110
3111	ID:89	>:1,89,3,2,1,59
3111	ID:7	>:1,7,3,4,3,51
3112	ID:4	NET_SIZE: 105, PLD_SIZE: 110
3112	ID:41	>:1,41,3,2,1,6
3112	ID:101	>:1,101,3,18,3,30
3116	ID:41	>:1,41,3,3,2,7
3120	ID:12	>:1,12,3,13,4,46
3120	ID:38	>:1,38,3,3,1,3
3122	ID:41	>:1,41,3,4,3,7
3122	ID:56	>:1,56,3,9,6,55
3123	ID:69	>:1,69,3,2,1,30
3124	ID:31	>:1,31,3,4,2,57
3128	ID:104	NET_SIZE: 105, PLD_SIZE: 110
3129	ID:92	>:1,92,3,2,1,17
3131	ID:62	>:1,62,3,10,1,3
3131	ID:24	>:1,24,3,11,3,35
3134	ID:77	NET_SIZE: 105, PLD_SIZE: 110
3142	ID:30	>:1,30,3,4,1,3
3144	ID:7	>:1,7,3,8,4,54
3147	ID:3	NET_SIZE: 105, PLD_SIZE: 110
3151	ID:2	>:1,2,3,10,4,56
3151	ID:87	>:1,87,3,11,6,59
3151	ID:27	>:1,27,3,11,5,51
3155	ID:42	NET_SIZE: 105, PLD_SIZE: 110
3158	ID:58	>:1,58,3,1,0,18
3159	ID:17	>:1,17,3,10,2,51
3159	ID:105	>:1,105,3,11,6,55
3162	ID:15	NET_SIZE: 105, PLD_SIZE: 110
3164	ID:85	>:1,85,3,5,1,8
3165	ID:63	NET_SIZE: 105, PLD_SIZE: 110
3166	ID:56	>:1,56,3,10,7,60
3166	ID:34	>:1,34,3,13,5,34
3167	ID:46	>:1,46,3,13,4,25
3169	ID:65	>:1,65,3,11,1,14
3169	ID:92	>:1,92,3,12,2,20
3170	ID:71	>:1,71,3,10,4,61
3171	ID:75	NET_SIZE: 105, PLD_SIZE: 110
3171	ID:10	NET_SIZE: 105, PLD_SIZE: 110
3177	ID:91	>:1,91,3,11,6,60
3179	ID:101	>:1,101,3,23,5,34
3181	ID:105	>:1,105,3,12,7,57
3182	ID:104	>:1,104,3,2,1,5
3182	ID:36	>:1,36,3,11,2,20
3183	ID:49	>:1,49,3,11,2,10
3185	ID:83	>:1,83,3,11,1,45
3191	ID:23	>:1,23,3,2,1,21
3193	ID:73	NET_SIZE: 105, PLD_SIZE: 110
3194	ID:15	>:1,15,3,5,1,3
3197	ID:29	>:1,29,3,13,1,28
3197	ID:40	>:1,40,3,5,1,29
3199	ID:20	NET_SIZE: 105, PLD_SIZE: 110
3205	ID:81	>:1,81,3,5,2,54
3206	ID:95	>:1,95,3,8,3,23
3208	ID:94	>:1,94,3,23,3,29
3211	ID:6	>:1,6,3,23,3,64
3211	ID:14	>:1,14,3,23,3,36
3211	ID:54	>:1,54,3,10,5,59
3211	ID:56	>:1,56,3,11,8,62
3212	ID:47	>:1,47,3,18,9,61
3213	ID:65	>:1,65,3,12,2,17
3215	ID:22	>:1,22,3,14,5,57
3216	ID:9	NET_SIZE: 105, PLD_SIZE: 110
3216	ID:4	>:1,4,3,14,1,8
3216	ID:23	>:1,23,3,3,2,22
3217	ID:55	>:1,55,3,3,2,25
3217	ID:54	>:1,54,3,15,5,60
3217	ID:51	>:1,51,3,2,1,8
3217	ID:104	>:1,104,3,14,2,7
3219	ID:25	NET_SIZE: 105, PLD_SIZE: 110
3221	ID:86	>:1,86,3,16,6,49
3223	ID:97	>:1,97,3,11,3,22
3224	ID:96	>:1,96,3,13,4,74
3225	ID:84	NET_SIZE: 105, PLD_SIZE: 110
3227	ID:27	>:1,27,3,12,6,58
3227	ID:79	NET_SIZE: 105, PLD_SIZE: 110
3230	ID:48	>:1,48,3,10,5,64
3232	ID:105	>:1,105,3,13,8,61
3233	ID:104	>:1,104,3,16,3,9
3235	ID:48	>:1,48,3,12,6,65
3243	ID:21	NET_SIZE: 105, PLD_SIZE: 110
3243	ID:54	>:1,54,3,20,5,62
3244	ID:46	>:1,46,3,14,5,31
3244	ID:78	>:1,78,3,11,3,31
3244	ID:63	>:1,63,3,12,1,6
3246	ID:16	NET_SIZE: 105, PLD_SIZE: 110
3248	ID:52	NET_SIZE: 105, PLD_SIZE: 110
3248	ID:64	>:1,64,3,9,3,44
3252	ID:90	>:1,90,3,12,5,31
3255	ID:29	>:1,29,3,14,2,32
3257	ID:99	>:1,99,3,2,1,15
3258	ID:55	>:1,55,3,6,3,28
3259	ID:7	>:1,7,3,9,5,62
3260	ID:87	>:1,87,3,14,8,69
3261	ID:67	NET_SIZE: 105, PLD_SIZE: 110
3267	ID:57	>:1,57,3,14,4,56
3267	ID:90	>:1,90,3,13,6,33
3268	ID:32	NET_SIZE: 105, PLD_SIZE: 110
3272	ID:97	>:1,97,3,13,4,25
3272	ID:57	>:1,57,3,15,5,56
3277	ID:1	>:1,1,3,15,4,74
3280	ID:35	NET_SIZE: 105, PLD_SIZE: 110
3283	ID:45	>:1,45,3,3,1,13
3283	ID:86	>:1,86,3,20,7,54
3284	ID:65	>:1,65,3,13,3,23
3284	ID:97	>:1,97,3,17,5,26
3286	ID:38	>:1,38,3,5,2,16
3289	ID:59	>:1,59,3,7,1,48
3289	ID:86	>:1,86,3,21,8,55
3290	ID:98	>:1,98,3,16,5,50
3291	ID:28	>:1,28,3,7,4,37
3293	ID:88	>:1,88,3,11,4,50
3294	ID:15	>:1,15,3,6,2,9
3298	ID:93	>:1,93,3,17,5,38
3300	ID:75	>:1,75,3,12,1,10
3301	ID:29	>:1,29,3,16,3,35
3301	ID:40	>:1,40,3,6,2,36
3304	ID:101	>:1,101,3,26,8,43
3305	ID:46	>:1,46,3,15,6,35
3306	ID:80	>:1,80,3,13,2,39
3306	ID:21	>:1,21,3,14,1,5
3311	ID:79	>:1,79,3,20,1,7
3311	ID:95	>:1,95,3,15,4,32
3313	ID:50	>:1,50,3,8,2,41
3313	ID:97	>:1,97,3,18,6,27
3316	ID:23	>:1,23,3,11,2,30
3321	ID:98	>:1,98,3,22,5,53
3322	ID:12	>:1,12,3,23,4,60
3323	ID:20	>:1,20,3,15,1,10
3328	ID:36	>:1,36,3,18,3,32
3331	ID:43	>:1,43,3,14,1,43
3332	ID:100	>:1,100,3,10,3,58
3333	ID:64	>:1,64,3,10,4,52
3335	ID:87	>:1,87,3,19,9,74
3335	ID:90	>:1,90,3,19,6,39
3335	ID:66	>:1,66,3,18,6,57
3340	ID:94	>:1,94,3,24,4,39
3347	ID:90	>:1,90,3,28,6,40
3348	ID:86	>:1,86,3,29,9,59
3350	ID:29	>:1,29,3,17,4,39
3351	ID:66	>:1,66,3,23,6,58
3358	ID:101	>:1,101,3,27,9,47
3362	ID:37	>:1,37,3,16,3,47
3365	ID:44	>:1,44,3,4,1,47
3366	ID:67	>:1,67,3,11,1,6
3367	ID:54	>:1,54,3,21,6,72
3367	ID:94	>:1,94,3,25,5,41
3370	ID:20	>:1,20,3,25,2,13
3370	ID:71	>:1,71,3,18,4,78
3374	ID:57	>:1,57,3,16,7,65
3378	ID:7	>:1,7,3,10,7,72
3378	ID:56	>:1,56,3,12,9,75
3382	ID:9	>:1,9,3,2,1,15
3390	ID:82	>:1,82,3,8,2,33
3394	ID:51	>:1,51,3,7,2,20
3397	ID:47	>:1,47,3,29,10,77
3408	ID:61	>:1,61,3,5,4,58
3412	ID:21	>:1,21,3,15,2,12
3413	ID:37	>:1,37,3,18,4,51
3417	ID:34	>:1,34,3,18,6,51
3418	ID:102	>:1,102,3,12,4,72
3419	ID:87	>:1,87,3,20,10,82
3424	ID:51	>:1,51,3,9,3,23
3426	ID:86	>:1,86,3,31,9,65
3431	ID:46	>:1,46,3,19,7,44
3433	ID:70	>:1,70,3,8,2,27
3437	ID:94	>:1,94,3,27,6,47
3438	ID:13	>:1,13,3,21,3,72
3445	ID:32	>:1,32,3,1,0,14
3446	ID:63	>:1,63,3,18,2,21
3447	ID:43	>:1,43,3,24,2,51
3458	ID:76	>:1,76,3,2,1,35
3461	ID:36	>:1,36,3,22,5,43
3462	ID:42	>:1,42,3,11,1,23
3462	ID:99	>:1,99,3,3,2,29
3467	ID:49	>:1,49,3,12,4,29
3468	ID:82	>:1,82,3,19,3,37
3469	ID:28	>:1,28,3,19,5,51
3469	ID:73	>:1,73,3,17,1,18
3469	ID:17	>:1,17,3,14,3,75
3469	ID:22	>:1,22,3,22,6,76
3471	ID:51	>:1,51,3,10,4,28
3471	ID:80	>:1,80,3,17,4,52
3478	ID:91	>:1,91,3,13,6,84
3479	ID:67	>:1,67,3,14,2,16
3480	ID:28	>:1,28,3,31,6,52
3484	ID:91	>:1,91,3,15,7,84
3486	ID:87	>:1,87,3,23,11,87
3487	ID:103	>:1,103,3,12,2,59
3487	ID:50	>:1,50,3,19,3,52
3490	ID:59	>:1,59,3,24,2,64
3490	ID:39	>:1,39,3,8,3,53
3494	ID:33	>:1,33,3,17,5,84
3496	ID:53	>:1,53,3,7,1,29
3496	ID:78	>:1,78,3,12,4,50
3496	ID:95	>:1,95,3,30,5,46
3500	ID:46	>:1,46,3,20,8,49
3506	ID:99	>:1,99,3,5,3,32
3512	ID:19	>:1,19,3,5,1,41
3513	ID:14	>:1,14,3,24,4,56
3519	ID:79	>:1,79,3,21,1,24
3522	ID:81	>:1,81,3,7,3,78
3523	ID:38	>:1,38,3,6,3,31
3525	ID:74	>:1,74,3,11,4,67
3529	ID:92	>:1,92,3,13,3,47
3529	ID:2	>:1,2,3,11,5,85
3529	ID:33	>:1,33,3,19,6,88
3531	ID:59	>:1,59,3,25,3,68
3534	ID:50	>:1,50,3,41,4,56
3541	ID:10	>:1,10,3,4,1,25
3542	ID:105	>:1,105,3,15,8,85
3544	ID:20	>:1,20,3,31,3,24
3544	ID:50	>:1,50,3,43,5,57
3552	ID:77	>:1,77,3,4,3,33
3555	ID:90	>:1,90,3,31,7,56
3558	ID:94	>:1,94,3,28,8,56
3559	ID:30	>:1,30,3,15,2,33
3570	ID:57	>:1,57,3,21,7,81
3574	ID:76	>:1,76,3,6,2,43
3578	ID:15	>:1,15,3,7,3,31
3580	ID:45	>:1,45,3,4,2,31
3584	ID:23	>:1,23,3,17,2,50
3591	ID:35	>:1,35,3,12,1,20
3596	ID:2	>:1,2,3,12,6,89
3597	ID:102	>:1,102,3,20,5,87
3597	ID:22	>:1,22,3,38,7,85
3598	ID:84	>:1,84,3,5,1,27
3598	ID:5	>:1,5,3,12,4,90
3598	ID:49	>:1,49,3,16,5,39
3598	ID:14	>:1,14,3,27,5,63
3599	ID:36	>:1,36,3,27,6,53
3604	ID:51	>:1,51,3,13,5,37
3605	ID:70	>:1,70,3,33,3,39
3605	ID:10	>:1,10,3,8,2,29
3607	ID:12	>:1,12,3,31,4,81
3611	ID:29	>:1,29,3,19,6,57
3616	ID:71	>:1,71,3,19,5,97
3617	ID:7	>:1,7,3,12,8,91
3618	ID:103	>:1,103,3,17,2,71
3620	ID:61	>:1,61,3,6,5,74
3621	ID:41	>:1,41,3,6,4,44
3621	ID:26	>:1,26,3,6,3,63
3624	ID:62	>:1,62,3,19,2,38
3626	ID:13	>:1,13,3,24,5,86
3627	ID:103	>:1,103,3,20,3,72
3628	ID:100	>:1,100,3,12,4,80
3630	ID:60	>:1,60,3,6,3,63
3633	ID:32	>:1,32,3,17,3,27
3636	ID:4	>:1,4,3,16,2,37
3644	ID:97	>:1,97,3,21,7,51
3653	ID:31	>:1,31,3,6,3,99
3653	ID:80	>:1,80,3,18,4,65
3657	ID:67	>:1,67,3,22,3,28
3663	ID:94	>:1,94,3,29,9,64
3663	ID:75	>:1,75,3,23,4,37
3672	ID:6	>:1,6,3,24,4,98
3675	ID:54	>:1,54,3,24,8,99
3676	ID:3	>:1,3,3,4,1,37
3679	ID:56	>:1,56,3,14,10,99
3680	ID:94	>:1,94,3,34,10,65
3684	ID:25	>:1,25,3,7,1,32
3684	ID:85	>:1,85,3,14,2,43
3684	ID:93	>:1,93,3,33,6,67
3684	ID:66	>:1,66,3,24,7,84
3685	ID:81	>:1,81,3,8,4,90
3686	ID:51	>:1,51,3,14,5,42
3688	ID:35	>:1,35,3,20,2,27
3690	ID:54	>:1,54,3,39,8,100
3692	ID:55	>:1,55,3,10,4,59
3692	ID:93	>:1,93,3,34,7,67
3692	ID:60	>:1,60,3,13,4,68
3693	ID:99	>:1,99,3,6,4,44
3693	ID:59	>:1,59,3,26,4,79
3693	ID:26	>:1,26,3,35,4,68
3696	ID:100	>:1,100,3,15,5,86
3708	ID:47	>:1,47,3,33,11,100
3708	ID:102	>:1,102,3,32,5,96
3711	ID:87	>:1,87,3,24,12,105
3713	ID:91	>:1,91,3,25,8,103
3717	ID:78	>:1,78,3,14,5,66
3722	ID:41	>:1,41,3,8,5,51
3724	ID:71	>:1,71,3,21,5,107
3741	ID:52	>:1,52,3,16,1,35
3747	ID:2	>:1,2,3,15,8,102
3747	ID:72	>:1,72,3,5,2,85
3748	ID:47	>:1,47,3,36,11,103
3750	ID:33	>:1,33,3,26,7,104
3751	ID:29	>:1,29,3,20,7,68
3751	ID:95	>:1,95,3,32,7,65
3755	ID:48	>:1,48,3,15,7,105
3756	ID:70	>:1,70,3,46,4,51
3756	ID:32	>:1,32,3,18,3,37
3758	ID:85	>:1,85,3,18,3,49
3759	ID:8	>:1,8,3,32,3,70
3762	ID:20	>:1,20,3,35,4,41
3765	ID:71	>:1,71,3,29,6,111
3767	ID:104	>:1,104,3,18,6,47
3770	ID:89	>:1,89,3,12,3,110
3771	ID:19	>:1,19,3,16,3,61
3771	ID:69	>:1,69,3,12,3,77
3775	ID:99	>:1,99,3,12,5,52
3778	ID:64	>:1,64,3,14,5,86
3778	ID:45	>:1,45,3,12,4,45
3784	ID:85	>:1,85,3,26,4,51
3792	ID:102	>:1,102,3,45,5,102
3796	ID:101	>:1,101,3,28,10,83
3796	ID:11	>:1,11,3,21,3,86
3797	ID:82	>:1,82,3,23,3,63
3797	ID:38	>:1,38,3,12,4,53
3799	ID:8	>:1,8,3,45,4,73
3804	ID:36	>:1,36,3,39,8,69
3805	ID:77	>:1,77,3,13,3,53
3809	ID:62	>:1,62,3,25,4,52
3810	ID:21	>:1,21,3,17,4,37
3817	ID:57	>:1,57,3,23,8,99
3819	ID:6	>:1,6,3,28,7,110
3826	ID:20	>:1,20,3,59,5,46
3828	ID:19	>:1,19,3,24,4,66
3834	ID:99	>:1,99,3,17,7,57
3838	ID:19	>:1,19,3,27,5,67
3844	ID:75	>:1,75,3,26,5,49
3844	ID:27	>:1,27,3,21,9,103
3845	ID:102	>:1,102,3,46,6,106
3847	ID:91	>:1,91,3,26,8,112
3849	ID:56	>:1,56,3,19,10,111
3849	ID:59	>:1,59,3,29,6,91
3850	ID:41	>:1,41,3,15,6,62
3852	ID:33	>:1,33,3,39,7,114
3857	ID:41	>:1,41,3,18,7,63
3862	ID:70	>:1,70,3,47,5,59
3863	ID:91	>:1,91,3,28,9,114
3865	ID:38	>:1,38,3,21,5,58
3867	ID:2	>:1,2,3,24,9,111
3867	ID:8	>:1,8,3,50,5,77
3870	ID:42	>:1,42,3,15,2,54
3871	ID:10	>:1,10,3,10,3,50
3871	ID:34	>:1,34,3,24,6,88
3871	ID:61	>:1,61,3,12,5,93
3873	ID:94	>:1,94,3,36,10,81
3874	ID:22	>:1,22,3,42,8,106
3878	ID:28	>:1,28,3,42,6,81
3881	ID:71	>:1,71,3,31,6,121
3889	ID:37	>:1,37,3,21,5,90
3895	ID:40	>:1,40,3,19,3,82
3898	ID:61	>:1,61,3,16,5,96
3901	ID:15	>:1,15,3,20,4,54
3902	ID:33	>:1,33,3,40,8,117
3906	ID:87	>:1,87,3,27,13,119
3906	ID:98	>:1,98,3,31,6,101
3906	ID:43	>:1,43,3,46,2,84
3909	ID:75	>:1,75,3,35,5,54
3912	ID:40	>:1,40,3,26,4,83
3921	ID:38	>:1,38,3,23,6,62
3924	ID:52	>:1,52,3,24,2,49
3927	ID:11	>:1,11,3,36,3,97
3933	ID:84	>:1,84,3,12,1,53
3936	ID:27	>:1,27,3,29,9,111
3938	ID:48	>:1,48,3,24,7,119
3940	ID:86	>:1,86,3,34,9,104
3941	ID:55	>:1,55,3,22,5,78
3943	ID:73	>:1,73,3,36,3,52
3948	ID:22	>:1,22,3,44,9,113
3951	ID:62	>:1,62,3,27,5,64
3951	ID:69	>:1,69,3,26,4,93
3956	ID:79	>:1,79,3,28,2,54
3957	ID:104	>:1,104,3,37,8,63
3957	ID:15	>:1,15,3,23,5,58
3960	ID:28	>:1,28,3,49,7,88
3960	ID:56	>:1,56,3,23,10,119
3966	ID:15	>:1,15,3,28,6,59
3968	ID:14	>:1,14,3,36,5,91
3971	ID:92	>:1,92,3,15,4,79
3972	ID:25	>:1,25,3,9,2,53
3974	ID:12	>:1,12,3,34,5,109
3974	ID:97	>:1,97,3,40,8,78
3976	ID:94	>:1,94,3,43,10,89
3979	ID:29	>:1,29,3,22,8,87
3980	ID:42	>:1,42,3,39,3,63
3981	ID:13	>:1,13,3,36,6,113
3982	ID:54	>:1,54,3,43,9,121
3984	ID:21	>:1,21,3,22,5,52
3984	ID:87	>:1,87,3,28,13,125
3984	ID:93	>:1,93,3,41,8,89
3985	ID:70	>:1,70,3,49,8,68
3986	ID:5	>:1,5,3,14,4,119
3987	ID:78	>:1,78,3,24,6,88
3990	ID:100	>:1,100,3,23,5,110
3990	ID:84	>:1,84,3,15,3,57
3991	ID:62	>:1,62,3,41,6,67
3998	ID:49	>:1,49,3,18,6,68
3998	ID:1	>:1,1,3,53,4,133
4004	ID:56	>:1,56,3,27,11,122
4004	ID:27	>:1,27,3,34,9,116
4009	ID:98	>:1,98,3,34,6,109
4010	ID:47	>:1,47,3,44,11,121
4011	ID:22	>:1,22,3,51,11,118
4011	ID:12	>:1,12,3,37,7,112
4011	ID:67	>:1,67,3,42,4,53
4011	ID:85	>:1,85,3,33,5,69
4011	ID:54	>:1,54,3,44,9,123
4012	ID:94	>:1,94,3,47,11,92
4012	ID:79	>:1,79,3,44,3,59
4019	ID:41	>:1,41,3,22,8,76
4023	ID:57	>:1,57,3,42,8,114
4025	ID:53	>:1,53,3,12,2,67
4032	ID:90	>:1,90,3,35,8,95
4036	ID:28	>:1,28,3,51,8,94
4038	ID:70	>:1,70,3,61,8,73
4038	ID:44	>:1,44,3,15,2,101
4040	ID:7	>:1,7,3,13,8,123
4042	ID:19	>:1,19,3,41,6,86
4052	ID:35	>:1,35,3,27,3,53
4054	ID:33	>:1,33,3,42,9,129
4059	ID:105	>:1,105,3,17,8,124
4061	ID:65	>:1,65,3,20,4,81
4061	ID:15	>:1,15,3,33,7,66
4062	ID:19	>:1,19,3,46,6,88
4071	ID:73	>:1,73,3,41,4,62
4071	ID:54	>:1,54,3,51,10,128
4073	ID:101	>:1,101,3,41,11,106
4073	ID:24	>:1,24,3,12,4,110
4074	ID:104	>:1,104,3,52,9,72
4078	ID:67	>:1,67,3,44,5,58
4078	ID:88	>:1,88,3,24,5,115
4080	ID:87	>:1,87,3,44,13,132
4082	ID:39	>:1,39,3,53,4,101
4084	ID:48	>:1,48,3,34,8,130
4086	ID:53	>:1,53,3,24,2,72
4087	ID:44	>:1,44,3,24,4,105
4089	ID:15	>:1,15,3,35,8,69
4093	ID:86	>:1,86,3,37,10,116
4096	ID:35	>:1,35,3,36,4,56
4097	ID:58	>:1,58,3,3,1,90
4102	ID:76	>:1,76,3,11,2,83
4105	ID:94	>:1,94,3,49,11,99
4106	ID:79	>:1,79,3,49,4,66
4107	ID:80	>:1,80,3,19,6,100
4108	ID:35	>:1,35,3,38,5,57
4119	ID:89	>:1,89,3,28,4,135
4120	ID:78	>:1,78,3,29,7,98
4128	ID:50	>:1,50,3,57,7,103
4130	ID:17	>:1,17,3,17,4,124
4131	ID:99	>:1,99,3,26,8,81
4132	ID:6	>:1,6,3,29,8,136
4142	ID:76	>:1,76,3,25,3,87
4142	ID:13	>:1,13,3,42,7,125
4142	ID:31	>:1,31,3,25,4,140
4143	ID:101	>:1,101,3,47,12,112
4143	ID:84	>:1,84,3,26,3,69
4151	ID:10	>:1,10,3,19,4,73
4152	ID:76	>:1,76,3,33,4,88
4158	ID:73	>:1,73,3,43,5,68
4161	ID:66	>:1,66,3,37,8,121
4164	ID:14	>:1,14,3,51,6,106
4164	ID:80	>:1,80,3,23,7,105
4165	ID:43	>:1,43,3,62,2,103
4166	ID:93	>:1,93,3,43,8,102
4167	ID:7	>:1,7,3,27,8,132
4167	ID:67	>:1,67,3,45,6,65
4170	ID:6	>:1,6,3,31,9,139
4170	ID:45	>:1,45,3,26,6,78
4171	ID:87	>:1,87,3,45,14,140
4172	ID:1	>:1,1,3,57,5,148
4173	ID:71	>:1,71,3,32,7,146
4174	ID:105	>:1,105,3,20,9,132
4175	ID:103	>:1,103,3,21,4,111
4179	ID:4	>:1,4,3,18,5,77
4179	ID:27	>:1,27,3,45,9,131
4180	ID:3	>:1,3,3,25,4,77
4184	ID:90	>:1,90,3,43,8,107
4187	ID:2	>:1,2,3,43,11,136
4190	ID:99	>:1,99,3,36,8,85
4192	ID:12	>:1,12,3,45,7,126
4197	ID:5	>:1,5,3,26,5,137
4198	ID:56	>:1,56,3,37,13,136
4199	ID:19	>:1,19,3,47,8,98
4199	ID:51	>:1,51,3,36,6,81
4199	ID:11	>:1,11,3,42,4,116
4201	ID:36	>:1,36,3,42,9,100
4203	ID:69	>:1,69,3,27,5,114
4211	ID:37	>:1,37,3,31,6,115
4214	ID:41	>:1,41,3,36,9,93
4222	ID:55	>:1,55,3,39,5,102
4223	ID:12	>:1,12,3,60,8,128
4230	ID:60	>:1,60,3,37,5,107
4231	ID:95	>:1,95,3,37,7,101
4233	ID:66	>:1,66,3,43,8,128
4240	ID:18	>:1,18,3,21,2,97
4243	ID:98	>:1,98,3,43,6,126
4243	ID:41	>:1,41,3,39,9,95
4245	ID:10	>:1,10,3,36,6,80
4246	ID:99	>:1,99,3,39,8,88
4248	ID:76	>:1,76,3,39,5,95
4249	ID:72	>:1,72,3,25,3,125
4251	ID:75	>:1,75,3,46,7,82
4253	ID:19	>:1,19,3,57,9,102
4257	ID:77	>:1,77,3,20,4,87
4257	ID:83	>:1,83,3,36,1,130
4258	ID:38	>:1,38,3,33,8,87
4262	ID:47	>:1,47,3,69,12,141
4263	ID:100	>:1,100,3,24,8,131
4264	ID:5	>:1,5,3,27,6,143
4265	ID:11	>:1,11,3,51,5,122
4270	ID:8	>:1,8,3,52,6,107
4270	ID:34	>:1,34,3,30,7,119
4271	ID:14	>:1,14,3,52,8,114
4275	ID:49	>:1,49,3,20,7,90
4275	ID:93	>:1,93,3,54,9,110
4276	ID:87	>:1,87,3,56,14,149
4276	ID:22	>:1,22,3,52,12,137
4277	ID:42	>:1,42,3,46,4,87
4283	ID:98	>:1,98,3,60,6,129
4292	ID:9	>:1,9,3,12,2,82
4301	ID:63	>:1,63,3,40,5,85
4308	ID:38	>:1,38,3,34,8,92
4311	ID:86	>:1,86,3,43,11,133
4314	ID:68	>:1,68,3,29,5,135
4316	ID:66	>:1,66,3,54,8,134
4318	ID:59	>:1,59,3,44,7,128
4330	ID:17	>:1,17,3,39,5,138
4330	ID:82	>:1,82,3,39,3,105
4332	ID:88	>:1,88,3,35,6,135
4347	ID:84	>:1,84,3,57,3,84
4348	ID:29	>:1,29,3,23,9,116
4350	ID:69	>:1,69,3,39,6,125
4351	ID:63	>:1,63,3,51,5,89
4352	ID:97	>:1,97,3,41,9,107
4360	ID:90	>:1,90,3,53,8,120
4361	ID:74	>:1,74,3,14,5,131
4361	ID:13	>:1,13,3,66,8,141
4365	ID:17	>:1,17,3,49,5,141
4366	ID:89	>:1,89,3,53,6,156
4369	ID:36	>:1,36,3,51,10,113
4373	ID:58	>:1,58,3,38,2,109
4383	ID:21	>:1,21,3,23,5,82
4386	ID:77	>:1,77,3,37,5,97
4389	ID:90	>:1,90,3,54,8,122
4393	ID:53	>:1,53,3,29,3,95
4395	ID:25	>:1,25,3,11,2,87
4404	ID:44	>:1,44,3,33,5,131
4404	ID:37	>:1,37,3,62,6,129
4405	ID:7	>:1,7,3,57,8,153
4407	ID:45	>:1,45,3,39,6,97
4410	ID:22	>:1,22,3,53,14,148
4417	ID:82	>:1,82,3,42,4,113
4420	ID:73	>:1,73,3,45,7,89
4421	ID:10	>:1,10,3,44,6,93
4428	ID:86	>:1,86,3,60,11,143
4429	ID:6	>:1,6,3,42,10,161
4430	ID:66	>:1,66,3,60,8,143
4438	ID:7	>:1,7,3,59,8,156
4438	ID:3	>:1,3,3,31,5,99
4442	ID:78	>:1,78,3,49,8,121
4443	ID:15	>:1,15,3,39,8,99
4445	ID:67	>:1,67,3,69,6,89
4449	ID:34	>:1,34,3,31,7,133
4454	ID:87	>:1,87,3,60,14,165
4456	ID:62	>:1,62,3,44,8,103
4456	ID:41	>:1,41,3,40,10,110
4458	ID:50	>:1,50,3,59,9,129
4458	ID:34	>:1,34,3,36,8,134
4460	ID:86	>:1,86,3,69,11,146
4461	ID:13	>:1,13,3,70,8,150
4462	ID:55	>:1,55,3,40,7,119
4465	ID:67	>:1,67,3,70,7,90
4466	ID:28	>:1,28,3,53,9,125
4466	ID:81	>:1,81,3,54,5,155
4466	ID:30	>:1,30,3,25,3,105
4467	ID:72	>:1,72,3,34,4,142
4470	ID:37	>:1,37,3,68,7,134
4472	ID:38	>:1,38,3,42,8,104
4474	ID:70	>:1,70,3,69,8,106
4475	ID:101	>:1,101,3,56,13,141
4476	ID:61	>:1,61,3,21,5,142
4476	ID:55	>:1,55,3,48,7,121
4477	ID:68	>:1,68,3,47,6,149
4478	ID:79	>:1,79,3,56,6,95
4479	ID:45	>:1,45,3,40,7,101
4480	ID:54	>:1,54,3,56,12,159
4481	ID:6	>:1,6,3,63,11,165
4481	ID:50	>:1,50,3,69,10,131
4486	ID:26	>:1,26,3,36,6,129
4491	ID:90	>:1,90,3,60,8,130
4494	ID:21	>:1,21,3,53,5,90
4495	ID:94	>:1,94,3,56,11,131
4501	ID:59	>:1,59,3,46,8,142
4502	ID:64	>:1,64,3,29,5,140
4502	ID:101	>:1,101,3,57,13,144
4503	ID:37	>:1,37,3,72,8,136
4503	ID:47	>:1,47,3,71,13,160
4505	ID:24	>:1,24,3,48,4,146
4505	ID:94	>:1,94,3,57,11,132
4510	ID:85	>:1,85,3,37,6,106
4519	ID:83	>:1,83,3,46,2,152
4524	ID:95	>:1,95,3,39,8,123
4526	ID:33	>:1,33,3,43,10,168
4531	ID:36	>:1,36,3,53,11,125
4533	ID:32	>:1,32,3,23,7,99
4534	ID:51	>:1,51,3,48,6,106
4535	ID:60	>:1,60,3,40,5,130
4538	ID:65	>:1,65,3,43,5,119
4539	ID:71	>:1,71,3,33,9,177
4540	ID:92	>:1,92,3,23,5,124
4544	ID:105	>:1,105,3,32,9,160
4550	ID:34	>:1,34,3,40,9,142
4551	ID:25	>:1,25,3,13,3,101
4556	ID:1	>:1,1,3,68,6,179
4559	ID:5	>:1,5,3,52,7,166
4560	ID:98	>:1,98,3,69,6,152
4564	ID:93	>:1,93,3,69,9,131
4564	ID:8	>:1,8,3,62,8,130
4572	ID:29	>:1,29,3,41,9,134
4573	ID:49	>:1,49,3,41,7,114
4573	ID:81	>:1,81,3,57,6,162
4575	ID:15	>:1,15,3,43,10,108
4575	ID:48	>:1,48,3,54,8,169
4578	ID:13	>:1,13,3,71,9,159
4578	ID:24	>:1,24,3,55,5,152
4581	ID:55	>:1,55,3,49,8,129
4587	ID:33	>:1,33,3,44,11,173
4596	ID:72	>:1,72,3,35,5,152
4598	ID:26	>:1,26,3,39,7,138
4598	ID:4	>:1,4,3,41,6,110
4605	ID:36	>:1,36,3,57,11,130
4607	ID:22	>:1,22,3,57,15,165
4607	ID:46	>:1,46,3,33,9,133
4615	ID:23	>:1,23,3,41,2,132
4615	ID:48	>:1,48,3,61,8,173
4616	ID:11	>:1,11,3,56,5,149
4616	ID:4	>:1,4,3,43,7,110
4625	ID:14	>:1,14,3,57,9,141
4626	ID:13	>:1,13,3,72,9,164
4633	ID:62	>:1,62,3,45,9,117
4634	ID:6	>:1,6,3,65,11,178
4635	ID:83	>:1,83,3,48,3,161
4637	ID:35	>:1,35,3,47,6,99
4639	ID:22	>:1,22,3,75,15,168
4641	ID:17	>:1,17,3,75,5,166
4643	ID:30	>:1,30,3,50,4,118
4653	ID:21	>:1,21,3,58,6,103
4657	ID:69	>:1,69,3,40,10,148
4657	ID:71	>:1,71,3,43,9,187
4659	ID:91	>:1,91,3,43,11,177
4661	ID:100	>:1,100,3,43,8,165
4664	ID:40	>:1,40,3,47,6,144
4664	ID:46	>:1,46,3,43,9,137
4666	ID:20	>:1,20,3,63,7,110
4667	ID:32	>:1,32,3,41,8,110
4667	ID:94	>:1,94,3,60,11,145
4668	ID:23	>:1,23,3,69,2,137
4669	ID:102	>:1,102,3,60,6,175
4671	ID:34	>:1,34,3,50,10,152
4675	ID:75	>:1,75,3,49,7,117
4677	ID:10	>:1,10,3,49,8,113
4678	ID:96	>:1,96,3,14,5,193
4679	ID:61	>:1,61,3,53,6,159
4679	ID:74	>:1,74,3,31,6,157
4680	ID:78	>:1,78,3,53,9,139
4680	ID:32	>:1,32,3,43,9,111
4680	ID:63	>:1,63,3,55,5,116
4680	ID:2	>:1,2,3,65,11,178
4682	ID:56	>:1,56,3,49,13,176
4687	ID:49	>:1,49,3,43,9,124
4687	ID:84	>:1,84,3,68,5,115
4687	ID:72	>:1,72,3,45,6,159
4690	ID:57	>:1,57,3,43,8,168
4690	ID:105	>:1,105,3,42,9,173
4694	ID:29	>:1,29,3,45,10,144
4699	ID:83	>:1,83,3,64,3,166
4706	ID:77	>:1,77,3,40,5,121
4708	ID:92	>:1,92,3,37,7,136
4715	ID:20	>:1,20,3,74,8,114
4715	ID:60	>:1,60,3,49,6,143
4717	ID:36	>:1,36,3,65,11,140
4718	ID:33	>:1,33,3,75,11,184
4720	ID:47	>:1,47,3,81,13,178
4721	ID:74	>:1,74,3,70,6,161
4722	ID:94	>:1,94,3,61,12,150
4723	ID:88	>:1,88,3,43,7,167
4726	ID:30	>:1,30,3,52,4,124
4728	ID:20	>:1,20,3,74,8,114
4731	ID:21	>:1,21,3,62,7,108
4732	ID:99	>:1,99,3,67,8,128
4735	ID:75	>:1,75,3,62,7,122
4742	ID:34	>:1,34,3,80,10,158
4747	ID:35	>:1,35,3,49,7,107
4747	ID:46	>:1,46,3,52,10,142
4748	ID:4	>:1,4,3,46,9,120
4768	ID:39	>:1,39,3,63,5,156
4769	ID:70	>:1,70,3,71,9,132
4770	ID:19	>:1,19,3,74,10,142
4770	ID:21	>:1,21,3,64,7,111
4788	ID:104	>:1,104,3,75,9,129
4791	ID:10	>:1,10,3,66,8,122
4792	ID:68	>:1,68,3,66,6,175
4793	ID:54	>:1,54,3,75,12,185
4794	ID:82	>:1,82,3,66,4,143
4794	ID:105	>:1,105,3,43,9,182
4801	ID:23	>:1,23,3,70,2,148
4801	ID:86	>:1,86,3,71,12,173
4805	ID:14	>:1,14,3,61,9,156
4805	ID:62	>:1,62,3,78,9,130
4805	ID:28	>:1,28,3,75,9,152
4807	ID:97	>:1,97,3,52,12,141
4812	ID:101	>:1,101,3,65,13,168
4817	ID:75	>:1,75,3,64,7,128
4820	ID:67	>:1,67,3,71,8,117
4821	ID:70	>:1,70,3,77,10,135
4824	ID:59	>:1,59,3,63,8,171
4828	ID:72	>:1,72,3,90,6,170
4829	ID:8	>:1,8,3,64,9,150
4829	ID:14	>:1,14,3,66,9,158
4830	ID:30	>:1,30,3,68,4,132
4831	ID:27	>:1,27,3,71,9,188
4831	ID:103	>:1,103,3,65,4,166
4832	ID:94	>:1,94,3,66,12,159
4833	ID:88	>:1,88,3,72,7,176
4834	ID:25	>:1,25,3,16,4,123
4841	ID:29	>:1,29,3,47,11,156
4846	ID:42	>:1,42,3,76,5,131
4847	ID:74	>:1,74,3,83,6,171
4847	ID:34	>:1,34,3,81,11,167
4848	ID:40	>:1,40,3,84,7,158
4851	ID:66	>:1,66,3,64,8,176
4855	ID:33	>:1,33,3,98,11,196
4855	ID:30	>:1,30,3,80,5,135
4857	ID:7	>:1,7,3,68,9,189
4859	ID:72	>:1,72,3,95,6,172
4862	ID:9	>:1,9,3,56,3,124
4864	ID:63	>:1,63,3,64,5,131
4865	ID:50	>:1,50,3,77,10,165
4869	ID:16	>:1,16,3,22,1,122
4871	ID:83	>:1,83,3,78,3,182
4871	ID:21	>:1,21,3,81,7,118
4873	ID:92	>:1,92,3,70,7,151
4874	ID:95	>:1,95,3,71,8,149
4874	ID:31	>:1,31,3,79,4,203
4876	ID:43	>:1,43,3,74,2,162
4880	ID:98	>:1,98,3,71,7,177
4880	ID:19	>:1,19,3,84,10,152
4881	ID:45	>:1,45,3,53,8,134
4882	ID:61	>:1,61,3,60,7,175
4882	ID:96	>:1,96,3,34,6,210
4882	ID:10	>:1,10,3,97,8,130
4887	ID:21	>:1,21,3,82,8,120
4888	ID:74	>:1,74,3,93,6,175
4890	ID:64	>:1,64,3,40,5,174
4892	ID:100	>:1,100,3,46,8,184
4896	ID:33	>:1,33,3,100,12,198
4899	ID:38	>:1,38,3,92,8,134
4902	ID:28	>:1,28,3,82,9,159
4907	ID:44	>:1,44,3,41,6,173
4909	ID:50	>:1,50,3,78,10,168
4910	ID:101	>:1,101,3,80,13,176
4910	ID:39	>:1,39,3,79,5,168
4911	ID:105	>:1,105,3,46,9,193
4911	ID:77	>:1,77,3,49,5,136
4916	ID:31	>:1,31,3,89,5,207
4917	ID:53	>:1,53,3,40,4,134
4918	ID:37	>:1,37,3,85,8,171
4919	ID:40	>:1,40,3,92,7,165
4921	ID:2	>:1,2,3,68,11,195
4924	ID:24	>:1,24,3,64,6,182
4924	ID:73	>:1,73,3,71,8,131
4925	ID:36	>:1,36,3,73,12,157
4936	ID:96	>:1,96,3,52,6,215
4939	ID:45	>:1,45,3,56,9,138
4939	ID:39	>:1,39,3,88,5,171
4939	ID:57	>:1,57,3,46,8,190
4944	ID:101	>:1,101,3,82,13,179
4946	ID:8	>:1,8,3,81,9,160
4949	ID:85	>:1,85,3,56,7,141
4951	ID:79	>:1,79,3,66,8,130
4952	ID:76	>:1,76,3,53,6,148
4952	ID:1	>:1,1,3,74,6,212
4956	ID:38	>:1,38,3,97,8,138
4961	ID:91	>:1,91,3,83,12,204
4965	ID:83	>:1,83,3,82,3,189
4974	ID:73	>:1,73,3,73,8,135
4975	ID:67	>:1,67,3,77,8,127
4981	ID:62	>:1,62,3,98,9,144
4986	ID:52	>:1,52,3,70,3,128
4987	ID:72	>:1,72,3,98,6,182
4988	ID:32	>:1,32,3,77,10,135
4989	ID:79	>:1,79,3,80,8,133
4989	ID:11	>:1,11,3,80,5,179
4990	ID:101	>:1,101,3,97,13,182
4991	ID:94	>:1,94,3,67,12,171
4991	ID:14	>:1,14,3,67,9,172
4993	ID:13	>:1,13,3,81,9,195
4993	ID:54	>:1,54,3,82,12,203
4996	ID:97	>:1,97,3,70,12,156
4996	ID:49	>:1,49,3,66,9,150
4998	ID:22	>:1,22,3,83,15,197
4999	ID:102	>:1,102,3,64,6,202
5002	ID:36	>:1,36,3,82,12,162
5003	ID:4	>:1,4,3,67,9,140
5004	ID:17	>:1,17,3,76,5,194
5010	ID:28	>:1,28,3,83,9,169
5014	ID:55	>:1,55,3,90,10,166
5016	ID:45	>:1,45,3,97,9,145
5020	ID:58	>:1,58,3,57,2,160
5021	ID:80	>:1,80,3,77,8,176
5022	ID:4	>:1,4,3,70,10,141
5022	ID:52	>:1,52,3,79,3,130
5022	ID:76	>:1,76,3,93,6,154
5022	ID:13	>:1,13,3,82,9,197
5024	ID:99	>:1,99,3,102,9,150
5025	ID:63	>:1,63,3,68,6,144
5026	ID:61	>:1,61,3,77,7,188
5028	ID:69	>:1,69,3,53,11,179
5035	ID:73	>:1,73,3,84,8,140
5035	ID:27	>:1,27,3,82,9,205
5036	ID:86	>:1,86,3,82,12,192
5037	ID:92	>:1,92,3,83,7,166
5040	ID:79	>:1,79,3,83,8,136
5046	ID:93	>:1,93,3,71,12,171
5046	ID:80	>:1,80,3,79,8,178
5048	ID:61	>:1,61,3,82,8,190
5048	ID:87	>:1,87,3,80,16,215
5049	ID:95	>:1,95,3,87,8,165
5053	ID:31	>:1,31,3,91,8,218
5054	ID:24	>:1,24,3,70,7,192
5054	ID:102	>:1,102,3,82,6,206
5055	ID:69	>:1,69,3,56,11,182
5063	ID:23	>:1,23,3,77,2,170
5063	ID:32	>:1,32,3,78,10,139
5063	ID:26	>:1,26,3,74,7,178
5064	ID:16	>:1,16,3,68,1,140
5065	ID:4	>:1,4,3,82,10,145
5065	ID:53	>:1,53,3,49,5,147
5066	ID:50	>:1,50,3,81,10,182
5068	ID:20	>:1,20,3,90,8,140
5068	ID:15	>:1,15,3,67,10,147
5069	ID:70	>:1,70,3,81,10,154
5074	ID:19	>:1,19,3,97,10,166
5075	ID:81	>:1,81,3,70,6,202
5075	ID:97	>:1,97,3,83,12,160
5078	ID:41	>:1,41,3,49,10,160
5078	ID:94	>:1,94,3,76,12,178
5080	ID:105	>:1,105,3,76,9,206
5080	ID:21	>:1,21,3,90,8,136
5081	ID:11	>:1,11,3,97,5,187
5082	ID:37	>:1,37,3,103,8,185
5083	ID:63	>:1,63,3,82,6,150
5084	ID:100	>:1,100,3,77,8,200
5087	ID:102	>:1,102,3,90,6,209
5090	ID:66	>:1,66,3,72,8,197
5090	ID:28	>:1,28,3,100,9,175
5090	ID:54	>:1,54,3,83,12,212
5091	ID:16	>:1,16,3,72,1,142
5093	ID:93	>:1,93,3,81,12,174
5098	ID:32	>:1,32,3,82,10,142
5105	ID:87	>:1,87,3,90,16,218
5106	ID:59	>:1,59,3,65,8,196
5110	ID:68	>:1,68,3,69,6,202
5110	ID:103	>:1,103,3,84,4,190
5111	ID:53	>:1,53,3,66,5,150
5112	ID:34	>:1,34,3,87,11,188
5113	ID:64	>:1,64,3,48,6,193
5116	ID:11	>:1,11,3,98,5,189
5116	ID:50	>:1,50,3,87,10,186
5120	ID:84	>:1,84,3,102,5,146
5121	ID:23	>:1,23,3,81,2,174
5122	ID:17	>:1,17,3,81,5,204
5133	ID:10	>:1,10,3,98,10,150
5137	ID:67	>:1,67,3,82,9,139
5138	ID:88	>:1,88,3,82,7,201
5139	ID:36	>:1,36,3,97,12,174
5140	ID:70	>:1,70,3,90,10,160
5141	ID:73	>:1,73,3,92,8,149
5145	ID:92	>:1,92,3,85,7,174
5146	ID:57	>:1,57,3,83,8,208
5147	ID:29	>:1,29,3,83,11,181
5148	ID:65	>:1,65,3,65,6,166
5148	ID:105	>:1,105,3,99,9,213
5149	ID:14	>:1,14,3,97,9,185
5149	ID:2	>:1,2,3,97,11,213
5150	ID:94	>:1,94,3,91,12,184
5152	ID:93	>:1,93,3,92,12,179
5152	ID:18	>:1,18,3,62,3,169
5153	ID:6	>:1,6,3,98,12,218
5154	ID:103	>:1,103,3,98,4,194
5154	ID:56	>:1,56,3,68,16,215
5155	ID:23	>:1,23,3,90,2,177
5160	ID:50	>:1,50,3,98,10,189
5169	ID:13	>:1,13,3,89,9,210
5173	ID:105	>:1,105,3,99,10,213
5174	ID:41	>:1,41,3,101,10,168
5175	ID:87	>:1,87,3,92,16,225
5177	ID:97	>:1,97,3,95,12,170
5179	ID:60	>:1,60,3,67,7,183
5180	ID:41	>:1,41,3,101,10,168
5180	ID:47	>:1,47,3,97,13,215
5181	ID:67	>:1,67,3,94,9,143
5181	ID:54	>:1,54,3,98,12,220
5182	ID:98	>:1,98,3,88,7,204
5185	ID:49	>:1,49,3,82,10,166
5186	ID:75	>:1,75,3,88,7,156
5186	ID:27	>:1,27,3,92,9,218
5187	ID:29	>:1,29,3,92,11,184
5187	ID:35	>:1,35,3,95,9,142
5192	ID:24	>:1,24,3,90,7,203
5193	ID:66	>:1,66,3,88,8,206
5196	ID:57	>:1,57,3,100,8,212
5201	ID:103	>:1,103,3,100,4,197
5207	ID:96	>:1,96,3,89,6,237
5209	ID:68	>:1,68,3,80,6,209
5213	ID:5	>:1,5,3,84,7,221
5214	ID:60	>:1,60,3,84,7,186
5215	ID:82	>:1,82,3,82,4,176
5219	ID:46	>:1,46,3,84,10,183
5220	ID:98	>:1,98,3,92,7,207
5222	ID:13	>:1,13,3,97,9,214
5222	ID:90	>:1,90,3,82,7,190
5225	ID:8	>:1,8,3,87,9,183
5232	ID:96	>:1,96,3,90,6,239
5232	ID:14	>:1,14,3,98,9,192
5240	ID:6	END>:1,6,3,105,12,225
5242	ID:76	>:1,76,3,98,7,172
5247	ID:39	>:1,39,3,92,5,197
5250	ID:87	>:1,87,3,98,16,232
5251	ID:42	>:1,42,3,98,5,166
5252	ID:13	>:1,13,3,98,9,216
5253	ID:45	>:1,45,3,102,9,164
5255	ID:62	END>:1,62,3,105,9,168
5262	ID:19	END>:1,19,3,105,10,181
5262	ID:11	>:1,11,3,100,5,201
5262	ID:29	>:1,29,3,99,11,191
5265	ID:65	>:1,65,3,93,6,177
5267	ID:101	>:1,101,3,100,13,205
5267	ID:97	>:1,97,3,99,12,178
5268	ID:41	>:1,41,3,102,10,176
5271	ID:2	>:1,2,3,100,11,224
5278	ID:28	END>:1,28,3,105,9,192
5281	ID:89	>:1,89,3,102,7,235
5286	ID:17	>:1,17,3,95,5,217
5289	ID:69	>:1,69,3,96,11,200
5290	ID:24	>:1,24,3,92,7,210
5290	ID:86	>:1,86,3,92,11,214
5290	ID:90	>:1,90,3,91,7,196
5291	ID:71	>:1,71,3,92,10,237
5292	ID:57	END>:1,57,3,105,8,220
5295	ID:88	>:1,88,3,86,7,215
5295	ID:26	>:1,26,3,80,7,198
5297	ID:76	>:1,76,3,101,7,175
5297	ID:49	>:1,49,3,85,10,175
5299	ID:34	>:1,34,3,96,11,203
5305	ID:79	>:1,79,3,98,8,157
5308	ID:59	>:1,59,3,97,8,213
5309	ID:105	>:1,105,3,100,10,225
5313	ID:66	>:1,66,3,98,8,217
5316	ID:17	>:1,17,3,99,5,220
5316	ID:20	>:1,20,3,104,8,161
5317	ID:55	>:1,55,3,95,10,192
5321	ID:64	>:1,64,3,66,6,213
5321	ID:83	>:1,83,3,92,3,218
5322	ID:46	>:1,46,3,100,10,191
5322	ID:30	END>:1,30,3,105,5,175
5323	ID:29	>:1,29,3,103,11,196
5324	ID:81	>:1,81,3,84,6,224
5327	ID:91	>:1,91,3,92,12,236
5328	ID:95	>:1,95,3,88,8,189
5328	ID:29	>:1,29,3,103,11,196
5329	ID:56	>:1,56,3,85,16,228
5329	ID:65	>:1,65,3,97,6,182
5329	ID:24	>:1,24,3,97,7,213
5333	ID:57	>:1,57,3,50,0,1
5334	ID:100	>:1,100,3,100,8,221
5335	ID:44	>:1,44,3,76,6,206
5336	ID:71	>:1,71,3,99,10,241
5336	ID:70	>:1,70,3,98,10,176
5336	ID:102	>:1,102,3,98,6,228
5337	ID:98	>:1,98,3,98,7,216
5338	ID:23	>:1,23,3,91,2,192
5339	ID:36	>:1,36,3,98,12,190
5340	ID:105	>:1,105,3,102,10,228
5345	ID:37	>:1,37,3,104,8,206
5346	ID:7	>:1,7,3,102,9,229
5348	ID:15	>:1,15,3,83,11,170
5349	ID:48	>:1,48,3,97,8,233
5351	ID:90	>:1,90,3,98,7,200
5355	ID:85	>:1,85,3,97,7,174
5359	ID:22	>:1,22,3,85,15,227
5361	ID:78	>:1,78,3,83,9,196
5362	ID:72	END>:1,72,3,105,6,212
5364	ID:1	>:1,1,3,75,6,246
5365	ID:93	>:1,93,3,98,12,198
5368	ID:3	>:1,3,3,80,5,172
5370	ID:13	>:1,13,3,100,9,228
5372	ID:51	>:1,51,3,57,6,173
5375	ID:79	>:1,79,3,100,8,163
5377	ID:75	>:1,75,3,98,7,171
5379	ID:26	>:1,26,3,81,7,204
5388	ID:29	END>:1,29,3,105,11,203
5388	ID:12	>:1,12,3,98,8,225
5391	ID:27	>:1,27,3,98,9,234
5398	ID:49	>:1,49,3,102,10,180
5399	ID:23	>:1,23,3,94,2,197
5402	ID:32	>:1,32,3,83,11,168
5404	ID:55	>:1,55,3,102,10,200
5406	ID:56	>:1,56,3,103,16,234
5407	ID:5	>:1,5,3,91,7,238
5408	ID:81	>:1,81,3,103,6,231
5408	ID:65	END>:1,65,3,105,6,188
5412	ID:88	>:1,88,3,103,7,225
5414	ID:61	>:1,61,3,92,8,218
5416	ID:47	END>:1,47,3,105,13,234
5423	ID:104	>:1,104,3,98,9,181
5429	ID:59	>:1,59,3,100,8,223
5433	ID:15	>:1,15,3,103,11,175
5438	ID:77	>:1,77,3,54,5,178
5439	ID:24	>:1,24,3,102,7,222
5440	ID:22	>:1,22,3,100,15,231
5441	ID:92	>:1,92,3,100,7,200
5441	ID:85	>:1,85,3,99,7,181
5442	ID:42	>:1,42,3,100,5,181
5443	ID:35	>:1,35,3,96,9,163
5444	ID:31	>:1,31,3,101,8,252
5444	ID:47	>:1,47,3,56,0,1
5446	ID:32	>:1,32,3,99,11,172
5449	ID:46	END>:1,46,3,105,10,202
5450	ID:25	>:1,25,3,70,4,171
5453	ID:10	END>:1,10,3,105,11,177
5454	ID:99	>:1,99,3,103,9,185
5455	ID:18	>:1,18,3,90,3,193
5457	ID:86	>:1,86,3,94,11,228
5459	ID:2	END>:1,2,3,105,11,239
5459	ID:4	>:1,4,3,100,10,175
5459	ID:63	>:1,63,3,90,6,177
5466	ID:78	>:1,78,3,93,9,205
5469	ID:44	>:1,44,3,96,6,217
5469	ID:38	END>:1,38,3,105,10,181
5471	ID:81	END>:1,81,3,105,6,235
5472	ID:81	>:1,81,3,1,0,0
5474	ID:51	>:1,51,3,99,6,181
5478	ID:68	>:1,68,3,101,6,233
5478	ID:23	>:1,23,3,98,2,204
5478	ID:2	>:1,2,3,6,0,1
5479	ID:94	>:1,94,3,98,12,211
5481	ID:49	END>:1,49,3,105,10,190
5481	ID:8	>:1,8,3,98,9,205
5481	ID:67	>:1,67,3,100,9,168
5483	ID:92	END>:1,92,3,105,7,203
5486	ID:14	>:1,14,3,100,9,215
5490	ID:5	>:1,5,3,99,7,245
5491	ID:61	>:1,61,3,104,8,223
5495	ID:3	>:1,3,3,100,5,184
5496	ID:38	>:1,38,3,54,0,1
5499	ID:52	>:1,52,3,100,3,171
5501	ID:16	>:1,16,3,91,1,178
5503	ID:63	>:1,63,3,92,6,181
5506	ID:103	END>:1,103,3,105,4,221
5506	ID:31	>:1,31,3,103,8,256
5508	ID:34	>:1,34,3,98,11,220
5513	ID:88	>:1,88,3,104,7,234
5514	ID:4	>:1,4,3,102,10,179
5519	ID:78	>:1,78,3,97,9,209
5523	ID:94	>:1,94,3,100,12,214
5523	ID:70	>:1,70,3,100,10,193
5526	ID:95	>:1,95,3,94,8,204
5526	ID:91	>:1,91,3,101,12,253
5531	ID:21	>:1,21,3,104,8,173
5531	ID:53	>:1,53,3,68,5,187
5535	ID:9	>:1,9,3,89,3,183
5536	ID:104	>:1,104,3,100,9,191
5540	ID:77	>:1,77,3,98,5,187
5548	ID:40	END>:1,40,3,105,9,217
5554	ID:1	>:1,1,3,92,6,261
5564	ID:82	END>:1,82,3,105,4,206
5568	ID:69	>:1,69,3,102,11,224
5574	ID:51	>:1,51,3,100,6,190
5575	ID:5	END>:1,5,3,105,7,253
5576	ID:35	>:1,35,3,100,9,172
5579	ID:54	>:1,54,3,100,12,253
5583	ID:74	END>:1,74,3,105,6,234
5592	ID:82	>:1,82,3,56,0,1
5598	ID:96	>:1,96,3,92,6,270
5600	ID:4	END>:1,4,3,105,10,185
5605	ID:36	>:1,36,3,100,12,211
5612	ID:18	>:1,18,3,91,3,207
5615	ID:5	>:1,5,3,48,0,1
5618	ID:76	>:1,76,3,103,7,205
5620	ID:74	>:1,74,3,43,0,1
5625	ID:25	>:1,25,3,92,4,184
5629	ID:4	>:1,4,3,56,0,1
5631	ID:8	>:1,8,3,100,9,217
5636	ID:64	>:1,64,3,84,6,239
5636	ID:77	>:1,77,3,102,5,195
5652	ID:91	END>:1,91,3,105,12,262
5652	ID:60	>:1,60,3,103,7,220
5654	ID:3	>:1,3,3,104,5,198
5658	ID:83	>:1,83,3,104,3,246
5662	ID:55	>:1,55,3,103,10,223
5673	ID:25	>:1,25,3,93,4,188
5675	ID:69	>:1,69,3,103,11,232
5677	ID:63	>:1,63,3,104,6,196
5679	ID:42	END>:1,42,3,105,5,201
5682	ID:39	>:1,39,3,98,5,231
5682	ID:7	>:1,7,3,103,9,258
5693	ID:75	>:1,75,3,100,7,196
5701	ID:50	>:1,50,3,100,10,234
5702	ID:12	>:1,12,3,100,8,250
5703	ID:67	>:1,67,3,103,9,188
5708	ID:86	>:1,86,3,98,11,248
5712	ID:80	END>:1,80,3,1,8,232
5721	ID:68	>:1,68,3,102,6,253
5722	ID:69	END>:1,69,3,105,11,235
5723	ID:16	>:1,16,3,97,1,196
5724	ID:26	>:1,26,3,100,7,233
5729	ID:64	>:1,64,3,103,6,247
5734	ID:95	>:1,95,3,96,12,220
5735	ID:96	>:1,96,3,103,6,282
5742	ID:76	END>:1,76,3,105,7,213
5751	ID:18	>:1,18,3,97,3,219
5762	ID:95	>:1,95,3,98,12,222
5767	ID:39	>:1,39,3,104,5,239
5787	ID:35	END>:1,35,3,105,9,188
5790	ID:97	END>:1,97,3,1,12,219
5792	ID:8	>:1,8,3,104,9,231
5794	ID:87	>:1,87,3,103,16,276
5794	ID:102	>:1,102,3,104,6,265
5794	ID:96	END>:1,96,3,105,6,287
5797	ID:41	>:1,41,3,103,10,217
5801	ID:52	END>:1,52,3,105,3,195
5803	ID:16	>:1,16,3,101,1,204
5809	ID:23	>:1,23,3,103,2,233
5816	ID:35	>:1,35,3,56,0,1
5825	ID:68	>:1,68,3,103,6,262
5829	ID:48	>:1,48,3,103,8,275
5832	ID:27	>:1,27,3,100,9,273
5837	ID:50	>:1,50,3,104,10,246
5837	ID:70	>:1,70,3,104,10,220
5842	ID:34	>:1,34,3,104,11,249
5842	ID:32	END>:1,32,3,105,11,204
5852	ID:26	>:1,26,3,103,7,244
5867	ID:21	END>:1,21,3,105,8,201
5868	ID:50	END>:1,50,3,105,10,249
5868	ID:55	>:1,55,3,104,10,240
5878	ID:34	END>:1,34,3,105,11,253
5921	ID:95	>:1,95,3,101,12,235
5935	ID:53	>:1,53,3,103,5,222
5943	ID:63	END>:1,63,3,105,6,218
5945	ID:44	>:1,44,3,100,6,257
5950	ID:93	>:1,93,3,100,12,247
5958	ID:17	END>:1,17,3,105,5,272
5969	ID:60	>:1,60,3,104,7,246
5975	ID:95	>:1,95,3,103,12,238
5982	ID:88	END>:1,88,3,105,7,273
5985	ID:24	>:1,24,3,104,7,266
5992	ID:51	>:1,51,3,104,6,227
5994	ID:78	>:1,78,3,102,9,250
5996	ID:17	>:1,17,3,41,0,1
5996	ID:85	END>:1,85,3,105,7,225
5999	ID:25	END>:1,25,3,105,4,215
6000	ID:77	>:1,77,3,103,5,224
6011	ID:22	END>:1,22,3,105,15,279
6022	ID:89	END>:1,89,3,105,7,297
6025	ID:88	>:1,88,3,53,0,1
6025	ID:3	END>:1,3,3,105,5,228
6033	ID:70	END>:1,70,3,105,10,236
6049	ID:87	END>:1,87,3,105,16,300
6050	ID:75	>:1,75,3,104,7,225
6053	ID:58	>:1,58,3,74,2,246
6058	ID:12	>:1,12,3,104,8,281
6072	ID:70	>:1,70,3,49,0,1
6091	ID:58	>:1,58,3,88,2,250
6092	ID:87	>:1,87,3,55,0,1
6096	ID:77	>:1,77,3,104,5,232
6098	ID:53	>:1,53,3,104,5,234
6103	ID:56	>:1,56,3,104,16,293
6104	ID:59	END>:1,59,3,105,8,279
6113	ID:43	>:1,43,3,100,2,262
6138	ID:95	END>:1,95,3,105,12,252
6140	ID:15	>:1,15,3,104,11,234
6163	ID:73	>:1,73,3,100,8,234
6166	ID:95	>:1,95,3,55,0,1
6173	ID:90	>:1,90,3,100,7,269
6178	ID:99	>:1,99,3,104,9,244
6186	ID:41	>:1,41,3,104,10,249
6190	ID:86	>:1,86,3,100,11,289
6194	ID:43	>:1,43,3,104,2,270
6195	ID:16	END>:1,16,3,105,1,237
6199	ID:18	END>:1,18,3,105,3,256
6200	ID:27	>:1,27,3,104,9,303
6219	ID:33	END>:1,33,3,105,13,309
6224	ID:31	>:1,31,3,104,8,317
6234	ID:26	END>:1,26,3,105,7,276
6243	ID:24	END>:1,24,3,105,7,288
6245	ID:93	>:1,93,3,103,12,270
6246	ID:33	>:1,33,3,55,0,1
6248	ID:100	>:1,100,3,102,8,294
6250	ID:9	>:1,9,3,90,3,242
6252	ID:45	>:1,45,3,104,9,247
6254	ID:64	>:1,64,3,104,6,290
6256	ID:61	END>:1,61,3,105,8,283
6260	ID:90	>:1,90,3,104,7,276
6262	ID:68	END>:1,68,3,105,6,298
6274	ID:26	>:1,26,3,50,0,1
6284	ID:105	END>:1,105,3,105,10,306
6285	ID:61	>:1,61,3,56,0,1
6285	ID:24	>:1,24,3,53,0,1
6294	ID:66	>:1,66,3,101,8,299
6299	ID:9	>:1,9,3,92,3,245
6304	ID:98	>:1,98,3,100,8,293
6328	ID:84	>:1,84,3,104,5,244
6343	ID:86	>:1,86,3,104,11,301
6364	ID:98	>:1,98,3,104,8,299
6368	ID:7	>:1,7,3,104,9,316
6374	ID:9	>:1,9,3,101,3,252
6382	ID:1	>:1,1,3,104,6,327
6407	ID:86	END>:1,86,3,105,11,307
6436	ID:58	>:1,58,3,94,3,277
6438	ID:44	END>:1,44,3,105,6,298
6457	ID:12	END>:1,12,3,105,8,313
6459	ID:93	END>:1,93,3,105,12,289
6472	ID:31	END>:1,31,3,105,8,339
6476	ID:44	>:1,44,3,44,0,1
6481	ID:66	>:1,66,3,104,8,315
6501	ID:12	>:1,12,3,55,0,1
6511	ID:31	>:1,31,3,46,0,1
6547	ID:48	END>:1,48,3,105,8,337
6594	ID:39	END>:1,39,3,105,5,308
6640	ID:90	END>:1,90,3,1,7,306
6668	ID:90	>:1,90,3,56,0,1
6727	ID:73	>:1,73,3,103,8,280
8637	ID:58	>:1,58,3,98,3,465
8881	ID:78	END>:1,78,3,105,9,492